-- phpMyAdmin SQL Dump
-- version 5.2.1
-- https://www.phpmyadmin.net/
--
-- Host: 127.0.0.1
-- Generation Time: May 15, 2026 at 11:06 AM
-- Server version: 10.4.32-MariaDB
-- PHP Version: 8.2.12

SET SQL_MODE = "NO_AUTO_VALUE_ON_ZERO";
START TRANSACTION;
SET time_zone = "+00:00";


/*!40101 SET @OLD_CHARACTER_SET_CLIENT=@@CHARACTER_SET_CLIENT */;
/*!40101 SET @OLD_CHARACTER_SET_RESULTS=@@CHARACTER_SET_RESULTS */;
/*!40101 SET @OLD_COLLATION_CONNECTION=@@COLLATION_CONNECTION */;
/*!40101 SET NAMES utf8mb4 */;

--
-- Database: `adminsmartschool_smartschoolnew`
--

-- --------------------------------------------------------

--
-- Table structure for table `blogs`
--

CREATE TABLE `blogs` (
  `id` bigint(20) UNSIGNED NOT NULL,
  `title` varchar(255) CHARACTER SET utf8mb4 COLLATE utf8mb4_unicode_ci NOT NULL,
  `slug` varchar(255) CHARACTER SET utf8mb4 COLLATE utf8mb4_unicode_ci NOT NULL,
  `excerpt` varchar(255) CHARACTER SET utf8mb4 COLLATE utf8mb4_unicode_ci DEFAULT NULL,
  `description` longtext CHARACTER SET utf8mb4 COLLATE utf8mb4_bin DEFAULT NULL,
  `image` varchar(255) CHARACTER SET utf8mb4 COLLATE utf8mb4_unicode_ci DEFAULT NULL,
  `author` varchar(255) CHARACTER SET utf8mb4 COLLATE utf8mb4_unicode_ci DEFAULT NULL,
  `created_at` timestamp NULL DEFAULT NULL,
  `updated_at` timestamp NULL DEFAULT NULL
) ENGINE=InnoDB DEFAULT CHARSET=utf8mb4 COLLATE=utf8mb4_general_ci;

--
-- Dumping data for table `blogs`
--

INSERT INTO `blogs` (`id`, `title`, `slug`, `excerpt`, `description`, `image`, `author`, `created_at`, `updated_at`) VALUES
(15, 'Empowering Women: A Joyous Women\'s Day Celebration', 'empowering-women-a-joyous-womens-day-celebration', 'International Women\'s Day is a time to honor the achievements, strength, and resilience of women across the globe. Our Women\'s Day celebration was filled with enthusiasm, recognition, and heartfelt appreciation for the incredible women who inspire us ever', '[{\"data\": {\"content\": \"<p>International Women\'s Day is a time to honor the achievements, strength, and resilience of women across the globe. Our Women\'s Day celebration was filled with enthusiasm, recognition, and heartfelt appreciation for the incredible women who inspire us every day.</p><p>The event kicked off with an inspiring keynote speech highlighting the importance of gender equality and women\'s empowerment. It was followed by engaging activities, including motivational talks, cultural performances, and fun team-building games. A special segment was dedicated to honoring outstanding women for their contributions in various fields.</p><p>Adding to the celebration, interactive workshops on self-care, leadership, and professional growth provided valuable insights for all attendees. The day concluded with a pledge to continue supporting and uplifting women in all walks of life.</p><p>Women\'s Day is not just a celebration; it\'s a reminder of the progress made and the journey ahead. Let\'s continue to support, empower, and uplift each other every day!</p>\"}, \"type\": \"Rich Editor\"}, {\"data\": {\"alt\": \"Image\", \"url\": [\"file-manager/blog/images/IMG_20250310_184454.jpg\", \"file-manager/blog/images/IMG_20250310_184518.jpg\"]}, \"type\": \"Multiple Images\"}]', 'file-manager/blog/feature-image/01JP2H7C415TGVCT5WN9W3VEKA.jpg', NULL, '2025-03-11 06:30:15', '2025-03-11 06:30:15'),
(16, 'BICS 25 Years Silver Jubilee', 'bics-25-years-silver-jubilee', '(BICS_25 Years of Youth Services in Don Bosco Way with Fr Guezou!!!) ', '[{\"data\": {\"content\": \"<p>Wth the blessings of the Heavenly Father, Our Lord Jesus Christ, and the guiding spirit of Don Bosco and Fr. Guezou, Don Bosco Centre, Yelagiri Hills continues to impact the lives of many rural and tribal youth. This year marks the 25th anniversary of our commitment to empowering rural youth through IT education, training, and placement – a vision pioneered by Fr. Francis Guezou as BICS InfoTech. Our college is making steady progress, in spite of a few challenges. We offer 7 undergraduate and 2 postgraduate programs of study with a student community of 1160.</p><p><br></p><p><a href=\\\"https://youtu.be/u6SKg-u2nKw?si=JVj6JeilE928Kiv4\\\"><strong>Watch video</strong></a></p>\"}, \"type\": \"Rich Editor\"}]', 'file-manager/blog/feature-image/01JPJB6Q7YTTN56YY5R4QQHMD8.png', 'Admin', '2025-03-17 09:52:53', '2025-03-17 09:53:50'),
(17, 'Nation Level Hands-on Training on Up-scaling Pedagogy with MOODLE', 'nation-level-hands-on-training-on-up-scaling-pedagogy-with-moodle', 'Nation Level Hands-on Training on Up-scaling Pedagogy with MOODLE || Don Bosco College || BoscoSoft', '[{\"data\": {\"content\": \"<p>Nation Level Hands-on&nbsp; Training on&nbsp; MOODLE provides hands-on experience with Moodle to upscale the teaching-learning process by experienced practitioners of Moodle as Learning Management System</p><p><br></p><p><a href=\\\"https://youtu.be/D_TqQGj4AaQ?si=qFD_C7_gyJ6l5v2V\\\"><strong>Watch Video</strong></a></p>\"}, \"type\": \"Rich Editor\"}]', 'file-manager/blog/feature-image/01JPJBBR2J88CTCHNQK0765GWN.png', 'Admin', '2025-03-17 09:55:37', '2025-03-17 09:55:37'),
(18, 'Technology  Certification Course - Success of TechTalk', 'technology-certification-course-success-of-techtalk', 'TechTalk is a Three-Months technology advancement program for IT amateurs who have done their graduation or post-graduation in Computer Science, Computer Applications or Computer Engineering. This is conducted by BOSCOITS, the Technology Resource Centre o', '[{\"data\": {\"content\": \"<p>TechTalk is a Three-Months technology advancement program for IT amateurs who have done their graduation or post-graduation in Computer Science, Computer Applications or Computer Engineering. This is conducted by BOSCOITS, the Technology Resource Centre of BICS InfoTech. This institute has twenty-two years of experience in training and placement of IT graduates in the industry with the required skills and exposure. TECHTALK Transforms Students into Experts. It makes sure that you get a job.<br>If you are intending to:<br>• Sharpen your development and technical skills;<br>• Choose a career option in a technology domain; and<br>• Update on .Net Core, Java, Android IOT &amp; IOS, LAMP, Python, Process Maker, and Technical Writing<br>TechTalk is a fitting program.</p><p><br></p><p><a href=\\\"https://youtu.be/KDD20yqC3WU?si=c0rkdJMbfZF7wjfh\\\"><strong>Watch Video</strong></a></p>\"}, \"type\": \"Rich Editor\"}]', 'file-manager/blog/feature-image/01JPJBGKKWXQETBJ1Q3Z1X5SQR.png', 'Admin', '2025-03-17 09:58:17', '2025-03-17 09:58:17'),
(19, 'AI -Tracking Academic Progress in an Intelligent Way', 'ai-tracking-academic-progress-in-an-intelligent-way', 'From Reports to Predictions” is the new way of tracking the academic progress of students using Artificial Intelligence (AI). It helps Schools Track Academic Progress More effectively and highlights how artificial intelligence (AI) is changing the way ', '[{\"data\": {\"content\": \"<p>\\\"<em>From Reports to Predictions” is the new way of tracking the academic progress of students using Artificial Intelligence (AI). It helps Schools Track Academic Progress More effectively and highlights how artificial intelligence (AI) is changing the way schools monitor student progress.</em></p><p><strong>It covers the following key aspects:</strong></p><p><strong>Introduction:&nbsp; </strong>AI is replacing traditional methods of measuring student progress.</p><p><strong>How AI Transforms Academic Tracking:&nbsp;</strong></p><ul><li>Real-time performance monitoring with dashboards.</li><li>Predictive analytics for early intervention.</li><li>Personalized learning paths.</li><li>Automated grading and feedback.</li></ul><p><strong>AI-Powered Dashboards &amp; Reports:</strong> AI lists student progress charts, performance heatmaps, and predictive score analysis, with a link to an example dashboard image.</p><p><strong>Comparison with Traditional Methods:&nbsp; </strong>It provides a table comparing traditional and AI-powered tracking in terms of data processing, intervention timing, personalization, and feedback speed.</p><p><strong>The Future of AI in Education:</strong> This emphasizes that AI is about empowering educators and helping students succeed.</p><p><strong>Virtual Tutors: </strong>More sophisticated AI tutors that can provide personalized support outside of regular classroom hours.</p><p><strong>AI-Driven Curriculum Development: </strong>AI may help design and update curricula more dynamically, adapting to the latest educational research and student needs.</p><p><strong>Augmented Reality (AR) and Virtual Reality (VR) Integration: </strong>AI will likely play a key role in enhancing AR/VR learning experiences, making education more immersive and engaging.\\\"</p><p><br></p><p><br></p>\"}, \"type\": \"Rich Editor\"}]', 'file-manager/blog/feature-image/01JYZMV9VZ723FKY9TRPJJ4YX6.jpg', NULL, '2025-06-29 23:34:33', '2025-11-02 23:43:07');

-- --------------------------------------------------------

--
-- Table structure for table `blog_comments`
--

CREATE TABLE `blog_comments` (
  `id` bigint(20) UNSIGNED NOT NULL,
  `blog_id` bigint(20) UNSIGNED NOT NULL,
  `name` varchar(255) NOT NULL,
  `email` varchar(255) NOT NULL,
  `website` varchar(255) DEFAULT NULL,
  `comment` text NOT NULL,
  `created_at` timestamp NULL DEFAULT NULL,
  `updated_at` timestamp NULL DEFAULT NULL
) ENGINE=InnoDB DEFAULT CHARSET=utf8mb4 COLLATE=utf8mb4_unicode_ci;

--
-- Dumping data for table `blog_comments`
--

INSERT INTO `blog_comments` (`id`, `blog_id`, `name`, `email`, `website`, `comment`, `created_at`, `updated_at`) VALUES
(12, 15, 'Dizaynersk_zlOa', 'ciumoqtpbOa@2-construction.store', 'https://byfurniture.by/', 'Дизайнерская мебель для тех, кто ценит красоту и качество. \r\nМебель премиум <a href=http://www.byfurniture.by/>http://www.byfurniture.by/</a> .', '2025-03-13 23:25:36', '2025-03-13 23:25:36'),
(13, 15, 'Noel', 'noel@boscosofttech.com', NULL, 'Honouring our Women on this day....', '2025-03-13 23:56:01', '2025-03-13 23:56:01'),
(14, 18, 'Turoperato_ejEt', 'ennzkdeglEt@2-construction.store', 'https://bluebirdtravel.ru/', 'Доступные туры в Турцию от Fun Sun: забронируйте, сейчас. \r\nТуроператор Сан Фан туры в Турции из Москвы <a href=http://bluebirdtravel.ru/>http://bluebirdtravel.ru/</a> .', '2025-03-25 20:04:56', '2025-03-25 20:04:56'),
(15, 18, 'Alice', 'cuipauuu@testing-your-form.info', 'MyName', 'Ifg TKqlWt mHo ytMb PRTs xIxI kjkP', '2025-03-29 12:05:41', '2025-03-29 12:05:41'),
(16, 15, 'Hello', 'jgdwbtnh@testing-your-form.info', 'Hello', 'MtMRqE fzTAauHm qJxKHOu IFQcDr ybLLN vaiLv VVLRMU', '2025-03-29 12:05:41', '2025-03-29 12:05:41'),
(17, 17, 'John', 'qvprtper@testing-your-form.info', 'Hello', 'zCJqXcGk mXG TxuaN WgJf', '2025-03-29 12:05:41', '2025-03-29 12:05:41'),
(18, 16, 'Hello', 'xhbfpbkw@testing-your-form.info', 'Alice', 'yHYj ZDQxtAa seXdohMf ExrESVv jVvjOHM', '2025-03-29 12:05:41', '2025-03-29 12:05:41'),
(19, 17, 'TestUser', 'zupkigkq@testing-your-form.info', 'TestUser', 'TTI LRl HtFI muM', '2025-03-29 12:05:41', '2025-03-29 12:05:41'),
(20, 18, 'John', 'ywccamaf@testing-your-form.info', 'Alice', 'fhCuEvX qWjH ONoiRgS OWin DQTomV tkdi', '2025-03-29 12:05:41', '2025-03-29 12:05:41'),
(21, 18, 'Michaeljuith', 'annaspbit1020@hotmail.com', 'https://rftimes.ru/', 'На данном сайте можно найти свежие новости Краснодара. \r\nЗдесь собраны актуальные события города, обзоры и оперативная информация. \r\nСледите за развития событий и читайте только проверенные данные. \r\nЕсли вам интересно, что нового в Краснодаре, читайте наш сайт регулярно! \r\nhttps://rftimes.ru/', '2025-04-22 07:36:00', '2025-04-22 07:36:00'),
(22, 18, 'John', 'yyrttobp@dont-reply.me', 'John', 'iJbV bxFUnpzE iWv SyBDIO WLTBw Eqti QKjQMU', '2025-04-22 13:27:12', '2025-04-22 13:27:12'),
(23, 18, 'Dizaynersk_cpOa', 'zzgasomsvOa@2-construction.store', 'https://byfurniture.by/', 'Как сделать интерьер утонченным с помощью дизайнерских элементов. \r\nМебель премиум-класса <a href=https://www.byfurniture.by>https://www.byfurniture.by</a> .', '2025-04-23 04:43:39', '2025-04-23 04:43:39'),
(24, 18, 'Ahmed Abdulla', 'ahmed.abdulla00175@gmail.com', 'https://www.no-site.com', 'Dear Sir/ma, \r\n \r\nWe are a financial services and advisory company mandated by our investors to seek business opportunities and projects for possible funding and debt capital financing. \r\n \r\nPlease note that our investors are from the Gulf region. They intend to invest in viable business ventures or projects that you are currently executing or intend to embark upon as a means of expanding your (their) global portfolio. \r\n \r\nWe are eager to have more discussions on this subject in any way you believe suitable. \r\n \r\nPlease contact me on my direct email: ahmed.abdulla@dejlaconsulting.com \r\n \r\nLooking forward to working with you. \r\n \r\nYours faithfully, \r\nAhmed Abdulla \r\nfinancial advisor \r\nDejla Consulting LLC', '2025-04-23 07:12:07', '2025-04-23 07:12:07'),
(25, 18, 'ekzotichni_otmi', 'rblnfdnaqmi@2-construction.store', 'https://ekzotichni-pochivki.com/', 'Лучшие острова для отдыха в тропиках. \r\nЕкзотични почивки all inclusive <a href=https://ekzotichni-pochivki.com/>https://ekzotichni-pochivki.com/</a> .', '2025-04-24 08:56:04', '2025-04-24 08:56:04'),
(26, 18, 'Kukli_ktki', 'inmwlmvsqki@2-construction.store', 'https://kukli-bebeta.com/', 'Лучшие куклы бебета для девочек и мальчиков. \r\nРеалистични бебета кукли <a href=http://kukli-bebeta.com/>http://kukli-bebeta.com/</a> .', '2025-04-29 18:24:06', '2025-04-29 18:24:06'),
(27, 18, 'Antistres_icMa', 'ozdqazpgdMa@2-construction.store', 'https://antistres-igrachki.com/', 'Игрушки для снятия стресса в работе.  \r\nАнтистрес играчки за мачкане <a href=antistres-igrachki.com>antistres-igrachki.com</a> .', '2025-04-29 18:24:07', '2025-04-29 18:24:07'),
(28, 18, 'Larrycheat', 'socpeakbot@gmail.com', 'https://no-site.com', 'Are you looking to increase your visibility on Instagram, TikTok, or other platforms? \r\nWith Socpeak.fun, you can instantly boost your followers, likes, views, and more — safely and affordably. \r\nWhy choose Socpeak.fun? \r\n•	 Fast delivery \r\n•	 Real & organic-looking growth \r\n•	 Custom packages based on your goals \r\n•	 Trusted by influencers, brands & startups \r\n•	 Emails Campaign… and a lot more ! \r\nVisit us now: http://www.socpeak.fun/ \r\nStart building your audience today — and get noticed. \r\nGot questions or want a custom offer? \r\nJust email us at info@socpeak.net — and ask about your free welcome gift!', '2025-05-03 21:44:44', '2025-05-03 21:44:44'),
(29, 18, 'distavka-cvetov_dpmt', 'galujarjqsa@bestwork24.store', 'http://antikclub.ru/dir/reklama/kupit_ranunkuljusy/308-1-0-97005', 'Не знаете, как быстро подарить эмоции? \r\nТогда вам стоит обратить внимание на интересную статью о <a href=\"https://krovati-i-divany.ru/sovetyi/kupit-czvety-s-dostavkoj-v-moskve-internet-magazin-azalianow.html\">https://krovati-i-divany.ru/sovetyi/kupit-czvety-s-dostavkoj-v-moskve-internet-magazin-azalianow.html</a> в Москве. \r\nЭто удобный сервис для тех, кто ценит время. \r\nВ статье рассказывается о том, почему стоит выбирать этот сервис. \r\nКурьеры приезжают точно в срок, а букеты — как на фото. \r\nВыбирайте проверенное качество!', '2025-05-04 10:55:01', '2025-05-04 10:55:01'),
(30, 18, 'Edwinhon', 'simply-bolt-purple@duck.com', NULL, 'Привет блогерам и создателям контента!  \r\nС чат GPT даже рутинные процессы становятся креативными. придумайте необычный презент, напишите статью для блога или разработайте тренировочную программу — нейросеть выполнит работу за считанные минуты. Нужны способы расслабиться или советы по созданию портфолио? Чат GPT сгенерирует вдохновляющие идеи!  \r\nПодробности -  <a href=\"https://yarchatgpt.ru\">https://yarchatgpt.ru</a> \r\nчаты с ботами\r\n \r\nБудьте смелыми — мир открыт для экспериментов!', '2025-05-07 14:17:25', '2025-05-07 14:17:25'),
(31, 18, 'Postavit_agMt', 'atzljbebwMt@2-construction.store', 'https://koronki-blog.ru/mostovidnoe-protezirovanie/', 'Плюсы и минусы зубных мостов. \r\nЗубной мост из металлокерамики <a href=https://koronki-blog.ru/mostovidnoe-protezirovanie/>Зубной мост из металлокерамики</a> .', '2025-05-07 19:53:26', '2025-05-07 19:53:26'),
(32, 18, 'Mostovidny_doKn', 'viczkafdhKn@2-construction.store', 'https://www.belfamilydent.ru/services/mostovidnoe-protezirovanie/', 'Виды мостовидных несъемных протезов. \r\nМостовидные несъемные зубные протезы <a href=https://www.belfamilydent.ru/services/mostovidnoe-protezirovanie>https://www.belfamilydent.ru/services/mostovidnoe-protezirovanie</a> .', '2025-05-08 12:13:20', '2025-05-08 12:13:20'),
(33, 18, 'Implantaci_rpMr', 'kmysuosmyMr@2-construction.store', 'https://www.belfamilydent.ru/services/implantaciya-allon4/', 'Имплантация зубов на 4 имплантах — лучшие решения. \r\nИмплантация all-on-46 <a href=http://belfamilydent.ru/services/implantaciya-allon4/>http://belfamilydent.ru/services/implantaciya-allon4/</a> .', '2025-05-08 23:17:47', '2025-05-08 23:17:47'),
(34, 18, 'priligy di malaysia', 'dryhowdox@mailport.lat', 'https://fastpriligy.top/', 'Seeing how mysterious you are doing, who knows what you are asking to help Xuan Han said with a blank look at Zhao Ling <a href=https://fastpriligy.top/>can i buy priligy in mexico</a>', '2025-05-09 00:56:56', '2025-05-09 00:56:56'),
(35, 18, 'John', 'ikoznnvj@dont-reply.me', 'John', 'ydkWna iPycS NiVj', '2025-05-09 20:57:09', '2025-05-09 20:57:09'),
(36, 18, 'Nesemnoe_qiSr', 'iyfjcotpfSr@2-construction.store', 'https://www.ggpatl.by/allon4-implantaciya/', 'Преимущества и плюсы несъемных протезов на 4 имплантах. \r\nИмплантация зубов все на 4 <a href=https://www.ggpatl.by/allon4-implantaciya>https://www.ggpatl.by/allon4-implantaciya</a> .', '2025-05-09 22:05:11', '2025-05-09 22:05:11'),
(37, 18, 'bring priligy ack from mexico', 'charrax@mailsphere.xyz', 'https://fastpriligy.top/', 'It is a hormone produced in your brain by the pituitary gland and its job is to stimulate your ovaries to recruit, grow, and mature follicles in preparation for ovulation <a href=https://fastpriligy.top/>priligy 60 mg</a> All cases of incident invasive breast cancer diagnosed among women who were 35 50 at the time of blood donation were included except in the NHS cohorts, which further limited case selection to women who were premenopausal and between the ages of 35 50 at diagnosis', '2025-05-10 16:37:35', '2025-05-10 16:37:35'),
(38, 18, 'John', 'mwkoswcl@dont-reply.me', 'John', 'UwONNqD dpqeCs uJvxTNBi EhnRkNnx', '2025-05-20 21:58:39', '2025-05-20 21:58:39'),
(39, 15, 'Bystroe_yvPr', 'qjczvseeqPr@2-construction.store', 'https://kwork.ru/links/41629912/seo-pushka-dlya-sayta-mnogourovnevaya-piramida-ssylok-pod-klyuch', 'Эффективные методы продвижения, которые работают. \r\nПрогон сайта GSA <a href=https://www.kwork.ru/links/41629912/seo-pushka-dlya-sayta-mnogourovnevaya-piramida-ssylok-pod-klyuch/>https://www.kwork.ru/links/41629912/seo-pushka-dlya-sayta-mnogourovnevaya-piramida-ssylok-pod-klyuch/</a> .', '2025-05-27 00:01:28', '2025-05-27 00:01:28'),
(40, 18, 'Vyzvat_tcma', 'hykmwnxdima@moya-ptica.store', 'https://elektrik-master-msk.ru/', 'Экономичный электромонтаж в Москве \r\nМастер электрик на дом Москва <a href=http://elektrik-master-msk.ru/>http://elektrik-master-msk.ru/</a> .', '2025-06-03 01:45:36', '2025-06-03 01:45:36'),
(41, 18, 'znntshioop', 'ehiisguy@testform.xyz', 'mfkfuhfohw', 'gmrtdwiokqinidusnnpkuqnrktlvpw', '2025-06-03 05:15:10', '2025-06-03 05:15:10'),
(42, 18, 'Edisonbooft', 'warezmusic0dayss@gmail.com', 'https://0daymusic.org', 'Hello, \r\n \r\nClub music download FTP, quality music https://0daymusic.org \r\nMP3/FLAC, label, music videos, soft, nfo. Fans giving you full access to exclusive electronic, rap, rock, trance, dance... music. \r\n \r\n0day team.', '2025-06-06 18:52:56', '2025-06-06 18:52:56'),
(43, 18, 'John', 'vsamtfen@dont-reply.me', 'MyName', 'ZzXPwFTv CrTez IZvZjJs ibXvES sjsItuRl Xzc', '2025-06-17 05:20:20', '2025-06-17 05:20:20'),
(44, 18, 'Dostavka_bmMt', 'iqcssoedmMt@2-construction.store', 'https://shary-dostavka.ru/', 'Промо-акции на украшения для праздников, только в Нижнем Новгороде. \r\nШары на выписку из роддома <a href=http://shariki-shop47.ru/>http://shariki-shop47.ru/</a> .', '2025-06-17 11:05:41', '2025-06-17 11:05:41'),
(45, 18, 'iusyrxsftz', 'tryyhfeq@testform.xyz', 'nydvmndfon', 'rlvyregurwixkoxrwsqhhtfxhggkzw', '2025-06-20 03:01:35', '2025-06-20 03:01:35'),
(46, 18, 'Anya120El', '120@kirisbyforum.fun', 'https://www.techsrise.com/technology/revolutionizing-marketing-the-impact-of-digital-marketing-technologies/', 'Hello guys! \r\nI came across a 120 interesting tool that I think you should browse. \r\nThis site is packed with a lot of useful information that you might find insightful. \r\nIt has everything you could possibly need, so be sure to give it a visit! \r\n<a href=https://www.techsrise.com/technology/revolutionizing-marketing-the-impact-of-digital-marketing-technologies/>https://www.techsrise.com/technology/revolutionizing-marketing-the-impact-of-digital-marketing-technologies/</a>', '2025-06-25 14:57:32', '2025-06-25 14:57:32'),
(47, 18, 'Anya120El', '120@kirisbyforum.fun', 'https://rectifygaming.com/genshin-impact-review-3-reasons-why-everyone-is-talking-about-this-game/', 'Hello folks! \r\nI came across a 120 awesome site that I think you should check out. \r\nThis platform is packed with a lot of useful information that you might find helpful. \r\nIt has everything you could possibly need, so be sure to give it a visit! \r\n<a href=https://rectifygaming.com/genshin-impact-review-3-reasons-why-everyone-is-talking-about-this-game/>https://rectifygaming.com/genshin-impact-review-3-reasons-why-everyone-is-talking-about-this-game/</a>', '2025-06-28 14:29:28', '2025-06-28 14:29:28'),
(48, 18, 'Anya120El', '120@kirisbyforum.fun', 'https://rectifygaming.com/genshin-impact-review-3-reasons-why-everyone-is-talking-about-this-game/', 'Hello folks! \r\nI came across a 120 awesome site that I think you should check out. \r\nThis platform is packed with a lot of useful information that you might find helpful. \r\nIt has everything you could possibly need, so be sure to give it a visit! \r\n<a href=https://rectifygaming.com/genshin-impact-review-3-reasons-why-everyone-is-talking-about-this-game/>https://rectifygaming.com/genshin-impact-review-3-reasons-why-everyone-is-talking-about-this-game/</a>', '2025-06-28 14:29:30', '2025-06-28 14:29:30'),
(49, 18, 'Anya120El', '120@kirisbyforum.fun', 'https://rectifygaming.com/genshin-impact-review-3-reasons-why-everyone-is-talking-about-this-game/', 'Hello folks! \r\nI came across a 120 awesome site that I think you should check out. \r\nThis platform is packed with a lot of useful information that you might find helpful. \r\nIt has everything you could possibly need, so be sure to give it a visit! \r\n<a href=https://rectifygaming.com/genshin-impact-review-3-reasons-why-everyone-is-talking-about-this-game/>https://rectifygaming.com/genshin-impact-review-3-reasons-why-everyone-is-talking-about-this-game/</a>', '2025-06-28 14:29:31', '2025-06-28 14:29:31'),
(50, 18, 'Anya120El', '120@kirisbyforum.fun', 'https://rectifygaming.com/genshin-impact-review-3-reasons-why-everyone-is-talking-about-this-game/', 'Hello folks! \r\nI came across a 120 awesome site that I think you should check out. \r\nThis platform is packed with a lot of useful information that you might find helpful. \r\nIt has everything you could possibly need, so be sure to give it a visit! \r\n<a href=https://rectifygaming.com/genshin-impact-review-3-reasons-why-everyone-is-talking-about-this-game/>https://rectifygaming.com/genshin-impact-review-3-reasons-why-everyone-is-talking-about-this-game/</a>', '2025-06-28 14:29:33', '2025-06-28 14:29:33'),
(51, 18, 'Anya120El', '120@kirisbyforum.fun', 'https://rectifygaming.com/genshin-impact-review-3-reasons-why-everyone-is-talking-about-this-game/', 'Hello folks! \r\nI came across a 120 awesome site that I think you should check out. \r\nThis platform is packed with a lot of useful information that you might find helpful. \r\nIt has everything you could possibly need, so be sure to give it a visit! \r\n<a href=https://rectifygaming.com/genshin-impact-review-3-reasons-why-everyone-is-talking-about-this-game/>https://rectifygaming.com/genshin-impact-review-3-reasons-why-everyone-is-talking-about-this-game/</a>', '2025-06-28 14:29:35', '2025-06-28 14:29:35'),
(52, 18, 'Georgeglolf', 'yawiviseya67@gmail.com', NULL, 'Здравейте, исках да знам цената ви.', '2025-06-29 08:11:38', '2025-06-29 08:11:38'),
(53, 19, 'Zakazat_foOa', 'cbpolisxrOa@2-construction.store', 'https://cvetyvmoscve.ru/', '<a href=https://cvetyvmoscve.ru/>Заказать цветы с доставкой в Москве</a> \r\nЦветы с доставкой в Москве — идеальное решение для любого повода. Множество компаний предлагают услуги доставки цветов в Москве, что дает возможность выбрать подходящий вариант. \r\nПеред тем как сделать заказ, стоит определиться с букетом. Вы можете выбрать классический букет, или что-то более оригинальное. \r\nОбратите внимание на сроки доставки и возможные дополнительные услуги. Некоторые компании предлагают сопровождение букета открытками или небольшими подарками. \r\nОбращайтесь в надежные компании с хорошей репутацией и положительными отзывами. Это поможет вам избежать разочарований в качестве доставки и самих цветов.', '2025-07-01 14:56:46', '2025-07-01 14:56:46'),
(54, 19, 'jpgywsyjsh', 'hjpngstx@testform.xyz', 'qwzyxnqryw', 'slwwnghpsxdzjfjjuqurskoisqsihh', '2025-07-04 10:16:21', '2025-07-04 10:16:21'),
(55, 19, 'Buket_zgPi', 'smldqypijPi@2-construction.store', 'https://gortenziimsk.ru/', 'Свадебный букет из гортензий с бесплатной доставкой по Москве — это отличное решение для тех, кто хочет удивить своих близких. Гортензии в букете символизируют любовь и дружбу, что делает их идеальными для подарка. \r\n<a href=https://gortenziimsk.ru/>Букет гортензий с бесплатной доставкой в Москве</a>. \r\nДоступная доставка букета гортензий осуществляется в любую точку города. Каждый букет гортензий создается мастерами флористики с любовью и вниманием. \r\nГортензии прекрасно дополняют любые цветочные композиции и подходят для различных случаев. Поэтому букет гортензий можно использовать не только для праздников, но и как дополнение к интерьеру. \r\nНе упустите возможность порадовать себя или своих близких роскошным букетом гортензий с доставкой. Сделать заказ букета гортензий с доставкой очень просто и быстро.', '2025-07-04 15:35:15', '2025-07-04 15:35:15'),
(56, 19, 'Charlesfaife', 'charlesgwlrbh@gmail.com', NULL, 'Is Smartschool Plus the beginning of AI replacing human teachers? \r\n \r\nEnter: <a href=\"https://talkchatgpt.com\">https://talkchatgpt.com</a>\r\n чат gpt для текста', '2025-07-11 23:15:08', '2025-07-11 23:15:08'),
(57, 19, 'remont_dmkn', 'rnjpapqv@bientotmail.com', 'https://toshiba-servisnyj-centr.ru/', 'ремонт телевизоров toshiba <a href=https://toshiba-servisnyj-centr.ru/>ремонт телевизоров тошиба в москве</a> – профессиональный ремонт с гарантией качества.', '2025-07-12 14:18:03', '2025-07-12 14:18:03'),
(58, 19, 'yurist_pgor', 'mtkfhncaeor@konsultaciya-yurista42.ru', 'https://konsultaciya-yurista42.ru', 'Получите профессиональную <a href=https://konsultaciya-yurista42.ru>юридическую консультацию бесплатно</a> и разрешите свои юридические вопросы с уверенностью! \r\nСемейные, трудовые и уголовные дела — вот только некоторые примеры сложностей, которые могут возникнуть.', '2025-08-29 07:49:06', '2025-08-29 07:49:06'),
(59, 19, 'Dizaynersk_aypr', 'nykksayyapr@2-construction.store', 'https://byfurniture.ry', '<a href=byfurniture.ry>Дизайнерская мебель премиум класса</a> — это воплощение изысканного стиля и безукоризненного качества. \r\n \r\nНельзя недооценивать значение премиум класса в дизайне интерьеров. Правильный выбор мебели — это залог успешного оформления интерьера. Премиум мебель может стать центральным элементом любой комнаты.', '2025-08-31 00:28:33', '2025-08-31 00:28:33'),
(60, 19, 'eyxlitesyw', 'exhhvihm@testform.xyz', 'sqooqqossr', 'okpxmeolxnknumozfgnwdyyfyffgrm', '2025-09-01 17:23:51', '2025-09-01 17:23:51'),
(61, 19, 'yuridiches_yusi', 'mqthhrqoisi@yuridicheskaya-konsultaciya23.ru', 'https://yuridicheskaya-konsultaciya23.ru', 'Получите квалифицированную <a href=https://yuridicheskaya-konsultaciya23.ru>консультацию юриста по семейным делам</a>. \r\n \r\nУ нас есть несколько способов, как получить консультацию: онлайн, по телефону или лично.', '2025-09-02 01:50:58', '2025-09-02 01:50:58'),
(62, 19, 'tokarnyy_wvPt', 'mlofchcebPt@textileryad.ru', 'https://stankiklass.ru/', 'станок токарный с чпу купить <a href=https://www.stankiklass.ru/>https://stankiklass.ru/</a>', '2025-09-02 08:18:30', '2025-09-02 08:18:30'),
(63, 19, 'advokat_nvon', 'jeumapcpton@konsultaciya-advokata81.ru', 'https://konsultaciya-advokata81.ru', 'С получением профессиональной помощи в решении юридических вопросов вы можете обратиться к <a href=https://konsultaciya-advokata81.ru>юридические услуги онлайн-консультация</a>, где можно получить юридическую консультацию круглосуточно и бесплатно. \r\n \r\n Не стоит забывать, что заранее полученная юридическая консультация может уберечь от серьезных трудностей.', '2025-09-03 15:02:26', '2025-09-03 15:02:26'),
(64, 19, 'advokat_xiOi', 'tedljosexOi@konsultaciya-advokata11.ru', 'https://konsultaciya-advokata11.ru', 'Юридические консультации стали неотъемлемой частью жизни каждого человека.. Не всегда просто разобраться в правовой системе без помощи опытного профессионала. \r\nНа платформе konsultaciya-advokata11.ru можно найти множество юридических консультаций. На нашем сайте доступны услуги по самым разным направлениям права.  Получите помощь квалифицированного юриста на <a href=https://konsultaciya-advokata11.ru> юрист по гражданским делам онлайн консультация</a>. \r\nПрофессиональные адвокаты готовы помочь вам.. Мы гордимся тем, что предлагаем высококачественные услуги.. \r\nВоспользуйтесь нашими услугами, и вы останетесь удовлетворены результатом.. Мы гарантируем профессионализм и индивидуальный подход к каждому клиенту..', '2025-09-03 19:59:29', '2025-09-03 19:59:29'),
(65, 19, 'konsultaci_tuka', 'rgmwduyrdka@konsultaciya-advokata91.ru', 'https://konsultaciya-advokata91.ru', 'Получите <a href=https://konsultaciya-advokata91.ru>бесплатную юридическую консультацию онлайн</a>, чтобы оперативно решить все ваши юридические вопросы! \r\nВ современном мире каждый людей сталкиваются с юридическими вопросами, которые требуют профессионального совета.', '2025-09-05 19:10:56', '2025-09-05 19:10:56'),
(66, 19, 'zkhrkpgyse', 'xfxsiuqs@testform.xyz', 'wyuimqqirg', 'siqtqmvtroviifpdrmrpmmhfervxin', '2025-09-07 11:51:11', '2025-09-07 11:51:11'),
(67, 19, 'advokaty_hlPa', 'qwtkqeivkPa@konsultaciya-yurista20.store', 'https://konsultaciya-advokata61.ru', 'Получите бесплатную консультацию юриста по телефону на сайте <a href=https://konsultaciya-advokata61.ru>адвокат бесплатная консультация</a>. \r\n Консультация поможет вам понять, какие шаги необходимо предпринять.  \r\nТаким образом, вы будете знать, как движется ваше дело и что будет дальше.', '2025-09-08 09:00:06', '2025-09-08 09:00:06'),
(68, 19, 'advokat_nfSa', 'zjgvvacrtSa@konsultaciya-yurista20.store', 'https://konsultaciya-advokata51.ru', 'Вы можете воспользоваться широким спектром услуг на сайте konsultaciya-advokata51.ru. Юридическая консультация – это важный шаг для многих людей. Вы получите квалифицированные рекомендации, обратившись к нам. \r\nПолучите бесплатную юридическую консультацию круглосуточно на <a href=https://konsultaciya-advokata51.ru>вопрос ответ юристу бесплатно</a>. \r\nНезависимо от того, с чем вы столкнулись, адвокат сможет предложить решения. \r\nВажно обратить внимание на уровень профессионализма юристов. Каждый адвокат на konsultaciya-advokata51.ru прошел тщательный отбор. Наша задача – предоставить клиентам лучший сервис. \r\nВторой аспект – это доступность услуг. Вы сможете легко ознакомиться с нашими тарифами и предложениями. Мы уверены, что каждый найдет подходящее решение для себя. \r\nКроме того, мы предлагаем услуги онлайн. Сегодня возможность получить помощь через интернет очень важна. Вы можете задать свои вопросы в любое время.', '2025-09-08 09:00:06', '2025-09-08 09:00:06'),
(69, 19, 'Georgeglolf', 'irinademenkova86@gmail.com', NULL, 'Hi, roeddwn i eisiau gwybod eich pris.', '2025-09-10 01:41:27', '2025-09-10 01:41:27'),
(70, 19, 'online_umsl', 'syqdbflmcsl@konsultaciya-yurista20.store', 'https://konsultaciya-yurista22.ru', 'Получите профессиональную помощь от юриста на <a href=https://konsultaciya-yurista22.ru>консультация юриста через интернет</a>. \r\nНаконец, важно понимать, что консультации обеспечивают уверенность.', '2025-09-10 11:54:18', '2025-09-10 11:54:18'),
(71, 19, 'konsultaci_ersr', 'zsepxtwutsr@konsultaciya-yurista20.store', 'https://konsultaciya-yurista-msk01.ru', 'Получите бесплатную консультацию юриста онлайн <a href=https://konsultaciya-yurista-msk01.ru>Юридическая горячая линия – бесплатная консультация</a>. \r\nЮридическая поддержка — залог уверенности в своих действиях.', '2025-09-10 12:09:29', '2025-09-10 12:09:29'),
(72, 19, 'uristy_whoi', 'gbvhledvtoi@razdel-imushchestva33.store', 'https://clinicianbarista.com/forums/users/ernestinehatter/', 'Все больше людей обращаются за бесплатной юридической консультацией в Москве.  Причиной этого является увеличившаяся необходимость в юридической поддержке .  Юристы предлагают свои знания и опыт совершенно бесплатно . \r\n \r\n Бесплатные юридические консультации должны быть доступны каждому желающему.  Услуги юристов доступны для всех, кто нуждается в помощи. Благодаря этому, уменьшится количество правонарушений . \r\n \r\n Процедура получения юридической помощи абсолютно проста. Чаще всего требуется только записаться на прием к юристу .  Некоторые юристы проводят консультации дистанционно. \r\n \r\n Таким образом, бесплатная юридическая помощь в Москве — это необходимый ресурс для жителей столицы. Правовая поддержка способствует повышению правосознания граждан . Не стесняйтесь обращаться за помощью, если это необходимо . \r\nеще информация <a href=https://edukacja.ordoiuris.pl/blog/index.php?entryid=83812/#еще-информация>https://edukacja.ordoiuris.pl/blog/index.php?entryid=83812/</a>', '2025-09-18 08:33:43', '2025-09-18 08:33:43'),
(73, 19, 'razdel_ssSl', 'rddcrsqbaSl@razdel-imushchestva33.store', 'https://razdel-imushchestva33.ru', 'Для получения квалифицированной помощи в вопросах раздела имущества, обратитесь к специалистам на <a href=https://razdel-imushchestva33.ru>раздел имущества стоимость</a>. \r\nНеобходимо отметить, что каждое дело уникально, и следует принимать во внимание различные обстоятельства.', '2025-09-18 21:24:28', '2025-09-18 21:24:28'),
(74, 19, 'Analiz_oqSa', 'jill@berlingid.ru', 'https://color-analysis-quiz.org', 'Discover your perfect shades with <a href=https://color-analysis-quiz.org>winter color palette</a> and find your unique color palette. \r\n Moreover, the convenience of being at home can enhance the overall experience during the analysis.', '2025-09-19 09:58:48', '2025-09-19 09:58:48'),
(75, 19, 'tokarnyy_ihOt', 'njdnlkycvOt@textileryad.ru', 'https://gdestanok.ru/', 'чпу токарный станок https://www.gdestanok.ru - https://gdestanok.ru/', '2025-09-23 08:22:07', '2025-09-23 08:22:07'),
(76, 19, 'razdel_imu_ziOl', 'aoisivaoeOl@razdel-imushchestva4.store', 'https://razdel-imushchestva6.ru', 'Чтобы получить профессиональную помощь в вопросах раздела имущества, обратитесь к <a href=https://razdel-imushchestva6.ru>правовая поддержка раздел имущества  </a>, который поможет вам разобраться в вашей ситуации и защитить ваши интересы. \r\n Также портал предоставляет разнообразные услуги, касающиеся регистрации бизнеса.', '2025-09-23 19:14:57', '2025-09-23 19:14:57'),
(77, 19, 'Georgeglolf', 'irinademenkova86@gmail.com', NULL, 'Dia duit, theastaigh uaim do phraghas a fháil.', '2025-09-26 03:57:16', '2025-09-26 03:57:16'),
(78, 19, 'konsultaci_cnEn', 'oalwacwtrEn@razdel-imushchestva33.store', 'http://globaldream.or.kr/bbs/board.php?bo_table=sub08_02&wr_id=94831', 'Не забывайте упоминать все нюансы вашей ситуации во время консультации. \r\nюридические услуги адвоката на chennaiidhal.com <a href=https://chennaiidhal.com/%d1%8e%d1%80%d0%b8%d0%b4%d0%b8%d1%87%d0%b5%d1%81%d0%ba%d0%b0%d1%8f-%d0%ba%d0%be%d0%bd%d1%81%d1%83%d0%bb%d1%8c%d1%82%d0%b0%d1%86%d0%b8%d1%8f-%d0%bd%d0%b0-%d0%b1%d0%b5%d0%b7%d0%b2%d0%be%d0%b7%d0%bc/>юридические услуги адвоката на chennaiidhal.com</a>', '2025-09-29 04:04:50', '2025-09-29 04:04:50'),
(79, 19, '888starz_izSr', 'gexhkdvhrSr@1-xbet-igrovye-avtomaty.ru', 'https://888starz-egypt-eg.com/', 'تعتبر 888starz منصة معروفة في صناعة الألعاب الإلكترونية. يتميز الموقع بتقديم العديد من أنواع الألعاب التي تلبي احتياجات جميع اللاعبين. تتضمن الألعاب المتاحة الرهانات الرياضية، وألعاب الكازينو. \r\n \r\nتتميز 888starz بتصميم سهل الاستخدام. يمتلك المستخدمون القدرة على التنقل بين الأقسام بصورة سلسة. هذا يجعل تجربة اللعب أكثر متعة. \r\n \r\nيستطيع المستخدمون الاستفادة من مجموعة متنوعة من المكافآت لجذب اللاعبين الجدد. تشمل هذه المكافآت مكافآت الترحيب بالإضافة إلى العروض الدورية. تعتبر هذه العروض حافزًا جيدًا لزيادة عدد اللاعبين. \r\n \r\nالأمان هو أحد أولويات 888starz. تستخدم المنصة تقنيات حديثة لحماية بيانات المستخدمين. يضمن ذلك للأعضاء تجربة لعب خالية من المخاطر. \r\n \r\nتطبيق 888starz <a href=http://888starz-egypt-eg.com/apk/>https://888starz-egypt-eg.com/apk/</a>', '2025-09-30 15:03:24', '2025-09-30 15:03:24'),
(80, 19, 'Melvingeami', 'dsfgsdfgds9@hotmail.com', 'tattootop.ru', 'На этом сайте размещена актуальная и практичная данные по многим вопросам. \r\nПользователи могут обнаружить ответы на важные вопросы. \r\nКонтент размещаются часто, чтобы вы каждый могли изучать свежую информацию. \r\nИнтуитивная структура сайта способствует быстро выбрать нужные страницы. \r\n<a href=\"https://www.tattoomarket.ru/\">парнуха</a> \r\nРазнообразие категорий делает ресурс универсальным для всех посетителей. \r\nКаждый сможет подобрать сведения, которые интересуют именно вам. \r\nНаличие доступных рекомендаций делает сайт ещё более значимым. \r\nТаким образом, этот ресурс — это интересный помощник важной информации для широкого круга пользователей.', '2025-10-02 00:02:38', '2025-10-02 00:02:38'),
(81, 19, 'Dizaynersk_dtpr', 'abwbniwbkpr@2-construction.store', 'https://byfurniture.ry', '<a href=byfurniture.ry>Дизайнерская мебель премиум класса</a> — это воплощение изысканного стиля и безукоризненного качества. \r\nМебель высокого класса от известных дизайнеров — это не просто предметы интерьера, а настоящие произведения искусства. Каждая деталь такой мебели продумана до мелочей и отражает уникальный стиль создателя. В последние годы наблюдается рост интереса к такого рода изделиям.', '2025-10-02 06:24:06', '2025-10-02 06:24:06'),
(82, 19, 'MelBet_mrPl', 'ktvomusgwPl@2-construction.store', 'https://melbetbonusy.ru/', '<a href=https://melbetbonusy.ru/>МелБет бонусы при регистрации</a> предлагают широкий выбор преимуществ для новых игроков и постоянных клиентов, включая приветственные предложения и акции на депозиты. \r\nКроме того, регулярные клиенты также могут рассчитывать на различные акции.', '2025-10-04 15:13:00', '2025-10-04 15:13:00'),
(83, 19, 'CharlesMoumb', 'sdasddsdsdsdsds@gmail.com', 'http://78.29.53.57/freeinsurance/?s1=xrum', 'Get free Blockchain Insurance globally! \r\n \r\nGet professional insurance of global importance from an insurer in Chelyabinsk, Russia. \r\n \r\nWithout personal data, cookie and JS. \r\n \r\nWe got access to the US market without compromising. \r\n \r\nMore than 85 types of non-criminal insurance. \r\n \r\nOnce a month, a document is created that can be shown to the regulatory authorities. We\'re taking over the negotiations. \r\n \r\nWe insure risks such as: \r\n1. Arbitrary legislation \r\n2. Arbitrariness of the Central Bank \r\n3. Possible harm to other people \r\n \r\nLink (own hosting): http://78.29.53.57/freeinsurance/?s1=xrum \r\n \r\n<a href=\"http://78.29.53.57/freeinsurance/?s1=xrum\">http://78.29.53.57/freeinsurance/?s1=xrum</a> \r\n \r\nBy brand ChelyabinskMAN', '2025-10-04 22:21:04', '2025-10-04 22:21:04'),
(84, 19, '888starz_yjma', 'frucvdnhama@skachat-winline.pro', 'https://888starzuzs.com/', 'tejamkor yondashuvlar orqali  kengaytirish mumkin. turli xil  taqdim etadi. \r\nQimor o\'yinlari .  foydalanuvchilar  mumkin. \r\n chegirmalar  yordam beradi.  to\'g\'risida  joylashgan  maqolalar  mavjud. \r\n taqdim etadi.  xavfsizligi ta\'minlanadi.  xavfsiz kirishlari  mumkin. \r\n888starz ro\\\'yxatdan o\\\'tish <a href=https://888starzuzs.com/registration/>888starz ro\\\'yxatdan o\\\'tish</a>.', '2025-10-06 11:08:51', '2025-10-06 11:08:51'),
(85, 19, 'vykup_ccEl', 'njgizjhiaEl@888starz.tech', 'https://vykup-bityh-avto-posle-dtp.ru', 'Удобный способ решить вопрос с автомобилем – это выкуп таких авто. Многие автолюбители столкнулись с ремонта своего битого автомобиля. Действительно, это времени и средств. \r\n \r\nОрганизации, занимающиеся обменом битых авто, разнообразные варианты продажи. лишние усилия. Порой условия удивляют, и они с удовольствием свои авто. \r\n \r\nподыскать услугами выкупа, актуальные в этой области. конкурентной цене, есть и множество преимущества, что к сотрудничеству. В рамках таких положительных моментов – безвозмездная оценка состояния авто. \r\n \r\nОпытные специалисты рассматривают и владельцам наилучший выход. обеспечивает, чтобы обменять автомобиль в кратчайшие сроки. Используйте услугам обмена битых авто избавиться от. \r\nвыкуп авто после аварии <a href=https://vykup-bityh-avto-posle-dtp.ru/prodat-avto-posle-dtp.php/>https://vykup-bityh-avto-posle-dtp.ru/prodat-avto-posle-dtp.php/</a>', '2025-10-07 08:41:22', '2025-10-07 08:41:22'),
(86, 19, 'Ceny_gfka', 'pzckblmnlka@textileryad.ru', 'https://stanochishhe.ru/', 'российские токарные станки с чпу <a href=stanochishhe.ru>https://stanochishhe.ru/</a>', '2025-10-08 15:40:00', '2025-10-08 15:40:00'),
(87, 19, '888starz_xcPn', 'jkrzggmdxPn@ugaritopari.site', 'https://888starz-888stars.com', 'The platform provides various appealing bonuses and promotional offers. \r\nتنزيل برنامج 888starz <a href=https://888starz-888stars.com/eg/apk/>تنزيل برنامج 888starz</a>', '2025-10-09 21:03:27', '2025-10-09 21:03:27'),
(88, 19, 'razdelipst', 'dcrlxienost@razdel-imushchestva6.ru', 'https://razdel-imushchestva6.ru', 'Получите профессиональную <a href=https://razdel-imushchestva6.ru>юрист по разделу имущества</a> услугами. \r\n \r\nВопрос раздела имущества может возникнуть в любой момент, когда отношения начинают разрушаться.', '2025-10-11 02:13:00', '2025-10-11 02:13:00'),
(89, 19, '888starz_kzka', 'btxmhmbylka@888starz.tech', 'https://888-starz-eg.com', '888starz هو منصة جديدة ومثيرة في عالم الألعاب. توفر 888starz مجموعة متميزة من الألعاب، تشمل الرهانات الرياضية والكازينو. \r\nتهدف 888starz إلى توفير تجربة مستخدم فريدة وسلسة، مما يجعل العملية أكثر سلاسة. كما تدعم المنصة مختلف اللغات، مما يجعلها متاحة للجميع. \r\nتتبع 888starz معايير أمان عالية لضمان حماية معلومات اللاعبين. تسعى 888starz لتقديم دعم فني فعال، حيث يمكن للمستخدمين التواصل مع فريق الدعم في أي وقت. \r\nتعتبر مكافآت 888starz من بين الأكثر جذبًا في السوق. تشمل هذه المكافآت مكافآت الترحيب والعروض الخاصة التي تتجدد بانتظام. \r\nتسجيل الدخول 888starz <a href=http://888-starz-eg.com/>https://888-starz-eg.com/</a>', '2025-10-12 17:58:29', '2025-10-12 17:58:29'),
(90, 19, 'Dizaynersk_rgpr', 'zcfjfwvvhpr@2-construction.store', 'https://byfurniture.ry', '<a href=byfurniture.ry>Дизайнерская мебель премиум класса</a> — это воплощение изысканного стиля и безукоризненного качества. \r\n \r\nОсновное преимущество дизайнерской мебели заключается в ее эксклюзивности. Многие дизайнеры предлагают кастомизированные решения, которые подчеркивают индивидуальность владельца.', '2025-10-12 19:35:34', '2025-10-12 19:35:34'),
(91, 19, 'kupit_jjol', 'dteklscmkol@ugaritopari.site', 'https://kupit-uggi-moskva.ru/', 'В Москве имеется широкий выбор уггов, которые можно приобрести в разных торговых точках.  \r\nсколько стоят настоящие угги <a href=https://uggiaustralia-msk.ru/collection/zhenskie-uggi/>сколько стоят настоящие угги</a>', '2025-10-13 08:52:33', '2025-10-13 08:52:33'),
(92, 19, 'minecraft_wbOi', 'ktkrpczmoOi@ingushetdomaz.pro', 'https://minecraftbedrock-apk.com/', 'Players can access a marketplace in the Bedrock Edition where they can acquire skins, texture packs, and diverse worlds. \r\nmcpe 1.21 <a href=http://www.minecraftbedrock-apk.com/downloading/minecraft-pe-1-21>https://minecraftbedrock-apk.com/downloading/minecraft-pe-1-21/</a>', '2025-10-16 12:11:34', '2025-10-16 12:11:34'),
(93, 19, '1win_vfkr', 'sbxyqgkkukr@igurant1.online', 'https://1win-app-apk.com', 'The 1win app is a popular choice among online bettors. \r\n1win официальный сайт скачать приложение <a href=https://1win-app-apk.com/ru/>1win официальный сайт скачать приложение</a>', '2025-10-16 16:56:44', '2025-10-16 16:56:44'),
(94, 19, 'advokat_sgSa', 'dxekjcfcdSa@konsultaciya-yurista20.store', 'https://konsultaciya-advokata51.ru', 'На сайте konsultaciya-advokata51.ru вы можете найти множество полезных услуг. Юридическая консультация – это важный шаг для многих людей. Мы обеспечим вас экспертными консультациями. \r\nПолучите бесплатную юридическую консультацию круглосуточно на <a href=https://konsultaciya-advokata51.ru>где найти бесплатного юриста</a>. \r\nПравовая помощь охватывает широкий спектр вопросов, и для этого нужен опытный адвокат. \r\nПервое, что стоит учитывать – это квалификация адвокатов. Каждый адвокат на konsultaciya-advokata51.ru прошел тщательный отбор. Что бы вы ни выбрали, мы гарантируем качественное выполнение работы. \r\nВторой аспект – это доступность услуг. На нашем сайте можно найти информацию о ценах и услугах. Мы уверены, что каждый найдет подходящее решение для себя. \r\nУ нас есть возможность получить консультацию удаленно. Сегодня возможность получить помощь через интернет очень важна. Вы можете задать свои вопросы в любое время.', '2025-10-20 19:06:45', '2025-10-20 19:06:45'),
(95, 19, 'Georgeglolf', 'dinanikolskaya99@gmail.com', NULL, 'Hola, quería saber tu precio..', '2025-10-21 03:31:48', '2025-10-21 03:31:48'),
(96, 19, 'minecraft_vmPr', 'ysecgbzirPr@ingushetdomaz.pro', 'https://minecraft-bedrock-edition.com', 'Another selling point is its optimized graphics, which enhance gameplay on multiple devices. \r\nminecraft jenny mod download <a href=http://www.minecraft-bedrock-edition.com/mods/people/jenny>https://minecraft-bedrock-edition.com/mods/people/jenny/</a>', '2025-10-21 13:44:37', '2025-10-21 13:44:37'),
(97, 19, '888starz_zvKr', 'ihbdjvfxbKr@problemno.shop', 'https://888starz-888stars.com', 'Players can find a wide array of games on the 888starz platform. \r\n8starz <a href=888starz-888stars.com/pt>https://888starz-888stars.com/pt/</a>', '2025-10-21 17:47:07', '2025-10-21 17:47:07'),
(98, 19, '888starz_xnPa', 'szqropkioPa@ugaritopari.site', 'https://888starzuzb.com/', '888starz uz, O\'zbekistondagi online o\'yinlar uchun afzal sayt qimor o\'ynash uchun ideal imkoniyatlar taqdim etadi.  Ushbu platformada o\'yinchilar uchun ko\'plab o\'yinlar, bonuslar va maxsus takliflar bor . \r\n 888starz uz saytiga kirish jarayoni juda soddalashtirilgan.  O\'yinchilar o\'z hisoblarini osonlik bilan yaratib, o\'yinlarga kirishlari mumkin. \r\n Har hafta sayt yangi aktsiyalar va bonuslar bilan ajralib turadi. Bu o\'yinchilarning qiziqishini oshirish uchun muhimdir . \r\n 888starz uz saytida o\'yinchilarning xavfsizligini ta\'minlash juda muhim hisoblanadi.  Ular o\'z foydalanuvchilarining ma\'lumotlarini himoya qilish uchun zamonaviy usullarni qo\'llaydi . \r\n888starz promo code 2025 <a href=http://www.888starzuzb.com/promo-code/>https://888starzuzb.com/promo-code/</a>', '2025-10-23 07:35:53', '2025-10-23 07:35:53'),
(99, 19, 'mcpedl_svsn', 'ilpkzywwqsn@ingushetdomaz.pro', 'https://mcpedl-minecraft.com/', 'In summary, MCPEDL is a valuable resource for those who are passionate about Minecraft. \r\nminecraft scary mod download <a href=http://www.mcpedl-minecraft.com/mods-minecraft-pe/horror-mod/>https://mcpedl-minecraft.com/mods-minecraft-pe/horror-mod/</a>', '2025-10-24 17:31:01', '2025-10-24 17:31:01'),
(100, 19, 'DavidMease', 'vt826217@gmail.com', 'https://vivod-iz-zapoya-1.ru/', 'В этом обзорном материале представлены увлекательные детали, которые находят отражение в различных аспектах жизни. Мы исследуем непонятные и интересные моменты, позволяя читателю увидеть картину целиком. Погрузитесь в мир знаний и удивительных открытий! \r\nПодробнее - https://vivod-iz-zapoya-1.ru/', '2025-10-25 01:35:32', '2025-10-25 01:35:32'),
(101, 19, 'reyting_smSa', 'bwsonbwsxSa@konsultaciya-yurista20.store', 'https://vc.ru/legal/2237796-luchshie-yuristy-v-moskve-uslugi-tseny-i-reyting', '<a href=https://vc.ru/legal/2237796-luchshie-yuristy-v-moskve-uslugi-tseny-i-reyting>рейтинг юристов москвы</a> \r\n Существенное значение имеет рейтинг юристов, когда дело касается выбора правозащитника.', '2025-10-27 16:15:50', '2025-10-27 16:15:50'),
(102, 19, 'minecraft_jfoa', 'mhlbqnhkfoa@ingushetdomaz.pro', 'https://download-minecraft-apk.com', 'Download Minecraft apk and immerse yourself in a world of endless possibilities! \r\nWhen the download process is finished, users can proceed with the installation by following the instructions displayed on their screens.', '2025-10-28 08:00:51', '2025-10-28 08:00:51'),
(103, 19, '888starz_unPa', 'yfuohtoacPa@ugaritopari.site', 'https://888starzuzb.com/', '888starz uz, O\'zbekiston bo\'ylab qulay qimor xizmatlari taklif etuvchi sayt  qimor o\'ynash uchun ideal imkoniyatlar taqdim etadi.  Bu onlayn kazino turli o\'yinlar, bonuslar va qiziqarli aktsiyalar bilan to\'la. \r\n 888starz uz saytiga kirish jarayoni juda soddalashtirilgan. O\'zbekistonlik o\'yinchilar o\'sha sayt orqali o\'z hisoblarini yaratib, o\'yinlarga kirishishlari mumkin . \r\n Har haftada yangi bonuslar va aktsiyalar taqdim etiladi .  Bu esa o\'yinchilarning qiziqishini yanada kuchaytirishga yordam beradi . \r\n 888starz uz xavfsizlikni ta\'minlashga katta e\'tibor qaratadi . Ular o\'z ma\'lumotlarini himoya qilish uchun zamonaviy texnologiyalarni qo\'llaydilar . \r\npromo code 888starz <a href=https://888starzuzb.com/promo-code>https://888starzuzb.com/promo-code/</a>', '2025-10-28 08:46:34', '2025-10-28 08:46:34'),
(104, 19, '1xbet_uyoi', 'dyrrxijlboi@problemno.shop', 'https://1xbetapkeg.com', 'يعتبر تطبيق البرامج. من. تجربته، البرمجية. \r\n \r\nالبدء بـ، مناسبة على جهازك. كذلك، سرعة اتصالك. فإذا، قد يكون. \r\n \r\nالشرطين السابقين، يمكنك بتنفيذ. للبرامج، رابط. الرابط، الاسترجاع. \r\n \r\nالتنزيل، جهازك. الضرورية. بعدها، وفي القيام.', '2025-10-28 16:55:58', '2025-10-28 16:55:58'),
(105, 19, 'konsultaci_iaOt', 'bnhjmwkxxOt@konsultaciya-yurista41.ru', 'https://konsultaciya-yurista41.ru/', 'Получите качественную <a href=https://konsultaciya-yurista41.ru/>получить юридическую консультацию</a> бесплатно! \r\nКаждый человек, сталкиваясь с юридическими вопросами, нуждается в грамотной помощи. Обращение к юристу может помочь избежать серьезных проблем в будущем. \r\n \r\nЮристы могут специализироваться в самых разных областях права, обеспечивая необходимую поддержку. Например, семейное, уголовное или гражданское право — это лишь некоторые из направлений, в которых возможно получить квалифицированную помощь. \r\n \r\nКачественный юрист должен иметь соответствующий опыт работы в своей области. Отзывы клиентов могут дать представление о профессионализме юриста и его способности решать задачи. \r\n \r\nОбычно процесс консультации у юриста состоит из нескольких шагов. Сначала происходит обсуждение ключевых моментов вашего дела, после чего юрист предлагает решения. Правильная диагностика вашего случая поможет юристу выработать оптимальный план решения проблемы.', '2025-10-29 05:04:38', '2025-10-29 05:04:38'),
(106, 19, '888starz_yzPa', 'uvfwocvttPa@ugaritopari.site', 'https://888starzuzb.com/', '888starz uz, O\'zbekiston bo\'ylab qulay qimor xizmatlari taklif etuvchi sayt  qimor o\'ynash uchun ideal imkoniyatlar taqdim etadi.  Ushbu platformada o\'yinchilar uchun ko\'plab o\'yinlar, bonuslar va maxsus takliflar bor . \r\n 888starz uz saytiga kirish jarayoni juda soddalashtirilgan.  O\'yinchilar o\'z hisoblarini osonlik bilan yaratib, o\'yinlarga kirishlari mumkin. \r\n Har haftada yangi bonuslar va aktsiyalar taqdim etiladi .  Bu esa o\'yinchilarning qiziqishini yanada kuchaytirishga yordam beradi . \r\n 888starz uz xavfsizlikni ta\'minlashga katta e\'tibor qaratadi .  Ular o\'z foydalanuvchilarining ma\'lumotlarini himoya qilish uchun zamonaviy usullarni qo\'llaydi . \r\n888starz bet скачать на андроид бесплатно <a href=http://888starzuzb.com/apk/>https://888starzuzb.com/apk/</a>', '2025-10-29 14:00:38', '2025-10-29 14:00:38'),
(107, 19, 'minecraft_qaSt', 'uxyphgujfSt@ingushetdomaz.pro', 'https://minecraft-bedrocks.com/', 'Участники могут объединяться в группы и вместе выполнять различные задачи.  \r\nтекстур паки майнкрафт 1.21 пе <a href=http://www.minecraft-bedrocks.com/textures>https://minecraft-bedrocks.com/textures/</a>', '2025-11-01 07:02:58', '2025-11-01 07:02:58'),
(108, 19, '1win_gnmt', 'kgmhvgsmomt@ugaritopari.site', 'https://1win-download.org.in/', 'Many users prefer the 1win app for their online betting needs. \r\nwhat is 1win app <a href=http://www.1win-download.org.in/>https://1win-download.org.in/</a>', '2025-11-03 07:34:33', '2025-11-03 07:34:33'),
(109, 19, 'minecraft_msPi', 'ktufwormjPi@ingushetdomaz.pro', 'https://minecraft-download-apk.com/', 'Minecraft is a popular sandbox game that has captured the hearts of millions .  After its debut, the game has seen an impressive rise in popularity.  To experience all that this game has to offer, you must start by downloading Minecraft. \r\n \r\n You should navigate to the Minecraft official page to begin downloading. Here, you’ll find various options suitable for different platforms .  Once you choose the correct version, just adhere to the given steps . \r\n \r\n The installation process for Minecraft is quite simple .  Should you face challenges while installing, numerous resources can assist you .  There are various helpful platforms such as forums, video instructions, and official FAQs. \r\n \r\n After installation, the real fun begins as you can create your own worlds .  Within Minecraft lies an infinite canvas for your imagination and exploration.  Featuring both survival and creative modes, players can tailor their gameplay .', '2025-11-03 07:47:01', '2025-11-03 07:47:01'),
(110, 19, 'yurist_vyor', 'coqwbynieor@konsultaciya-yurista42.ru', 'https://konsultaciya-yurista42.ru', 'Получите профессиональную <a href=https://konsultaciya-yurista42.ru>юрист консультация|бесплатную консультацию юриста|онлайн консультацию юриста|юридическую консультацию бесплатно|консультацию юриста бесплатно</a> и разрешите свои юридические вопросы с уверенностью! \r\nМногие юристы предлагают бесплатные консультации, что может быть хорошим началом.', '2025-11-04 15:45:31', '2025-11-04 15:45:31'),
(111, 19, 'minecraft_gpKn', 'rcyoakabjKn@ingushetdomaz.pro', 'https://minecraft-download-apk.com', 'Begin your journey by accessing a reputable site for the Minecraft APK download. \r\nmcpe 1.21.130.26 [url=http://minecraft-download-apk.com/downloads/minecraft-pe-1-21/1-21-130-26/]https://minecraft-download-apk.com/downloads/minecraft-pe-1-21/1-21-130-26/[/url]', '2025-11-04 21:21:49', '2025-11-04 21:21:49'),
(112, 19, 'minecraft_scSl', 'cmgynktuySl@igurant1.online', 'https://download-minecraft-apk.com/', 'This section includes downloads for various platforms such as PC, consoles, and mobile devices. \r\nmcpe latest version apk <a href=https://download-minecraft-apk.com/>https://download-minecraft-apk.com/</a>', '2025-11-05 19:00:05', '2025-11-05 19:00:05'),
(113, 19, 'konsultaci_chka', 'idrzbbptika@konsultaciya-yurista20.store', 'https://konsultaciya-advokata91.ru', 'Получите <a href=https://konsultaciya-advokata91.ru>бесплатную юридическую консультацию онлайн</a>, чтобы оперативно решить все ваши юридические вопросы! \r\n Посетите konsultaciya-advokata91.ru и поинтересуйтесь о наших услугах прямо сейчас!', '2025-11-06 01:31:39', '2025-11-06 01:31:39'),
(114, 19, '888starz_oqKi', 'pnrpkuhcwKi@ugaritopari.site', 'https://888starzuzbekistan.net', '888starz uz - yetakchi platformalardan biri. qiziqarli tajriba. yuqori sifatli xizmatlar. Bundan tashqari, joylashgan, o\'yin o\'ynash imkonini. \r\n \r\nPlatformaning ta\'minlangan. Foydalanuvchilarning ma\'lumotlari. Shuningdek, bir necha turdagi to\'lov usullari, bu esa. va ularning tajribasini. \r\n \r\nyangilab boradi. yanada kuchaytiradi. raqobatbardoshligini. \r\n \r\nShu bilan birga, mijozlarga xizmat ko\'rsatish. mutaxassislar. Mijozlar. qoniqtiradi. \r\n888starz promo code no deposit <a href=http://888starzuzbekistan.net/promo-code/>https://888starzuzbekistan.net/promo-code/</a>', '2025-11-06 08:37:23', '2025-11-06 08:37:23'),
(115, 19, 'minecraft_vvMt', 'hmpnmwxzbMt@ingushetdomaz.pro', 'https://minecraft-downloadd.com', 'Here MCPE <a href=https://minecraft-downloadd.com>real minecraft mod apk</a>. \r\n Many gamers are turning to download Minecraft as their favorite pastime.', '2025-11-08 07:49:05', '2025-11-08 07:49:05'),
(116, 19, 'Georgeglolf', 'dinanikolskaya99@gmail.com', NULL, 'Xin chào, tôi muốn biết giá của bạn.', '2025-11-08 13:32:03', '2025-11-08 13:32:03'),
(117, 19, 'konsultaci_dksr', 'zstgugctlsr@konsultaciya-yurista20.store', 'https://konsultaciya-yurista-msk01.ru', 'Получите бесплатную консультацию юриста онлайн <a href=https://konsultaciya-yurista-msk01.ru>Как задать вопрос юристу бесплатно и правильно</a>. \r\nВажным аспектом юридической консультации является ее доступность.', '2025-11-09 21:48:59', '2025-11-09 21:48:59'),
(118, 19, '1xbet_kkoi', 'khomvdionoi@problemno.shop', 'https://1xbetapkeg.com', 'يعد تطبيق البرامج. الاستمتاع. لذا، تحميل. \r\n \r\nقبل، كافية على جهازك. بالإضافة إلى ذلك، بشبكة الإنترنت. لأن، قد يكون. \r\n \r\n1xbet تنزيل <a href=https://www.1xbetapkeg.com/>https://1xbetapkeg.com/</a> \r\n \r\nكافة الشروط، يمكنك تطبيق. يمكنك، بسهولة. اختيار، عملية. \r\n \r\nالتحميل، ضمن. قم بفتح. ثم، ستكون مستعدًا.', '2025-11-10 22:40:51', '2025-11-10 22:40:51'),
(119, 19, 'minecraft_tgMt', 'vbzgebgndMt@problemno.shop', 'https://minecraft-download1.com', 'Download <a href=https://minecraft-download1.com>minecraft 1.16.40 apk download</a> and immerse yourself in the exciting world of creativity! \r\nAfter downloading, installation is quick and easy.', '2025-11-13 12:25:51', '2025-11-13 12:25:51'),
(120, 19, 'slm_ddKt', 'reststerthorring1986@larpan-mobi4omes.ru', 'https://klpl3r.ru/', 'Найдите идеальный вариант для своего бизнеса и <a href=https://klpl3r.ru/>slm 3d принтер купить|3д принтер slm купить|slm принтер по металлу купить|slm принтер купить</a> уже сегодня! \r\nВ интернет-сообществах можно найти отзывы и советы.', '2025-11-14 16:09:03', '2025-11-14 16:09:03'),
(121, 19, 'yurist_qtsi', 'pagavvkufsi@yuridicheskaya-konsultaciya23.ru', 'https://yuridicheskaya-konsultaciya23.ru', 'Получите квалифицированную <a href=https://yuridicheskaya-konsultaciya23.ru>юридическую консультацию</a>. \r\n \r\nРаздел с полезными материалами на сайте yuridicheskaya-konsultaciya23.ru станет отличным источником информации.', '2025-11-14 21:16:04', '2025-11-14 21:16:04');
INSERT INTO `blog_comments` (`id`, `blog_id`, `name`, `email`, `website`, `comment`, `created_at`, `updated_at`) VALUES
(122, 19, 'minecraft_kzMt', 'sixkiarssMt@problemno.shop', 'https://minecraft-download1.com', 'Download <a href=https://minecraft-download1.com>minecraft 1.21 download apk</a> and immerse yourself in the exciting world of creativity! \r\nDon’t forget to check the system requirements before you download.', '2025-11-15 10:49:36', '2025-11-15 10:49:36'),
(123, 18, 'ttrghfvrdp', 'gqwojrgv@testform.xyz', 'visnxyrmdq', 'eifqelruntrkitutiziqtgutowruht', '2025-11-15 18:50:09', '2025-11-15 18:50:09'),
(124, 19, 'vnjrxxsdtl', 'ielupksh@testform.xyz', 'fvxnfogwhv', 'miyriirluxjlnzqnsryfgegklrwpeo', '2025-11-15 18:50:09', '2025-11-15 18:50:09'),
(125, 19, 'betfinal_ndot', 'gwxrdnrdwot@problemno.shop', 'https://betfinalafrica.com', '???? ?? ????? ?????  ???  ???????? ?????????. ?????  ??? ???????  ?? ????  ??????? ?????? ??????? . ??? ? ??? ?? ????  ??????  ?????????  ???????? ???. \r\n \r\n??  ????  ?????????? ???? ?????? ??  ??????? .  ??????  ?? ?????  ???????? ????????  ??  ????? ???????? . ?????  ???  ?????? ????? ??????  ?????? ?? ?????. \r\n \r\n ?? ???????  ??  ???? ????? ????? ????? ??????????  ????????? ???? ??  ???  ?????  ?????. ??? ?????????  ???????  ?? ???????? ??????. \r\n \r\n???????  ????? ????  ???????? ??  ????  ???????? , ????? ??  ????? ???????  ??????  ??. ?? ????  ??  ?????? ???????? ??? ?? ??????  ?????? ???? ?????? ?????. \r\nbetfinal بالعربي <a href=http://betfinalafrica.com/>https://betfinalafrica.com/</a>', '2025-11-17 10:22:51', '2025-11-17 10:22:51'),
(126, 19, 'Nelsonhic', 'sdsdssfdsfdfdsfdsfdsfds@gmail.com', 'http://78.29.44.164/antivirus/', 'Free non-criminal independent blockchain antivirus \r\n \r\nBlockchain log. Make a blockchain record private - paid. \r\nBase - 50 mln signatures. Own hosting, own encrypted database. \r\nPayment method (exception Russia and ChIR) - non-criminal business plan, non-criminal scientific technology and private FASM code. \r\nOwn Blockchain Scientific Debt Gateway. 100% automatic. \r\n \r\nLink -  http://78.29.44.164/antivirus/ \r\n \r\n<a href=\"http://78.29.44.164/antivirus/\">http://78.29.44.164/antivirus/</a>', '2025-11-18 06:17:52', '2025-11-18 06:17:52'),
(127, 19, '100_grEt', 'vjawgjavxEt@igurant1.online', 'https://100-super-hots.com', 'super hot 100 lines <a href=http://www.100-super-hots.com/>https://100-super-hots.com/</a> awaits you with exciting moments and the chance to win big! \r\nMany people are on the lookout for the hottest styles of the season.', '2025-11-20 11:14:06', '2025-11-20 11:14:06'),
(128, 19, 'games_wnKa', 'fqpjjpvxhKa@1-construction.store', 'https://3buzzingwildstop.com', 'Ищете, где <a href=https://3buzzingwildstop.com>казино</a>? \r\n Recently, the gaming industry has expanded significantly.', '2025-11-21 02:29:38', '2025-11-21 02:29:38'),
(129, 19, 'betfinal_qooa', 'xxdjnlwwfoa@ugaritopari.site', 'https://betfinalafrica.com', 'betfinal kuwait <a href=jamiaummulqura.com/betfinal-%d9%8a%d9%82%d8%af%d9%85-%d8%aa%d8%ac%d8%b1%d8%a8%d8%a9-%d8%b9%d8%b1%d8%a8%d9%8a%d8%a9-%d8%b1%d8%b3%d9%85%d9%8a%d8%a9-%d9%84%d9%84%d8%b1%d9%87%d8%a7%d9%86%d8%a7%d8%aa-%d8%b9%d8%a8%d8%b1>https://jamiaummulqura.com/betfinal-%d9%8a%d9%82%d8%af%d9%85-%d8%aa%d8%ac%d8%b1%d8%a8%d8%a9-%d8%b9%d8%b1%d8%a8%d9%8a%d8%a9-%d8%b1%d8%b3%d9%85%d9%8a%d8%a9-%d9%84%d9%84%d8%b1%d9%87%d8%a7%d9%86%d8%a7%d8%aa-%d8%b9%d8%a8%d8%b1/</a> \r\n \r\nيُعتبر betfinal بالعربي الخيار المثالي للاعبين في المغرب بفضل تنوع الألعاب وسهولة الاستخدام. \r\n \r\nيُوفّر كازينو betfinal خيارات لعب تناسب المبتدئين والمحترفين على حدٍ سواء. \r\n \r\nيتميز betfinal بمجموعة ضخمة من الألعاب: ألعاب مميزة مع مزايا رائعة للاعبين في بيت فاينل قطر.', '2025-11-21 08:32:20', '2025-11-21 08:32:20'),
(130, 19, '40_efkl', 'mutyeggbrkl@ingushetdomaz.pro', 'https://40superhott.com', '<a href=https://40superhott.com>40 super hot online</a> offers incredible chances to win and an exciting gaming experience! \r\nIts origins can be traced back to social media trends.', '2025-11-23 06:23:28', '2025-11-23 06:23:28'),
(131, 19, '888starz_hjSl', 'ofwwhocetSl@igurant1.online', 'https://888starzuzbets.com', '888starz uz — yangi imkoniyatlar taqdim etadi. foydalanuvchilarga. va yutish imkoniyatiga ega bo\'lishi mumkin. Shuningdek,. \r\n888starz promocode <a href=https://888starzuzbets.com/promo-code/>888starz promocode</a> \r\n888starz uz. foydalanuvchilar. Platforma juda intuitiv. o\'z strategiyalarini qurish. \r\nfoydalanuvchilari uchun. har xil xushxabar va chegirmalar taklif etadi,. Yangi foydalanuvchilar. doimiy foydalanuvchilarga. \r\nplatformasining eng jozibador jihatlaridan biridir. har doim yangi narsalar bilan tanishtiradi. bu to\'lov tizimlarining xilma-xilligi.', '2025-11-23 09:56:57', '2025-11-23 09:56:57'),
(132, 19, 'monopoly_jiPa', 'njtxhdmbyPa@problemno.shop', 'https://monopoly-live-bd.com', 'Immerse yourself in the exciting world <a href=https://monopoly-live-bd.com>monopoly big baller live score</a>, where every spin can be a turning point in your game! \r\nThese bonuses can lead to significant payouts, increasing the stakes.', '2025-11-23 11:31:39', '2025-11-23 11:31:39'),
(133, 19, 'betfinal_hcot', 'iponvycopot@ugaritopari.site', 'https://betfinalafrica.com', '???? ?? ???? ????? betfinal ????? ?? ?????. ??? ???? ?? ????? ?? ???? ?????????. ???? ?? ???? ???? ?????? ?? ???????? ???????. \r\n?? ?? ?? ?????? ????? ??????? ???????? ?? betfinal. ???? betfinal ?????? ????? ?? ???????. ????? ?? ??? ?? ??? ?? ??????? ????????? ??? ??????? ???????. \r\nbetfinal بالعربي <a href=https://saokimviet.com/%d8%b1%d9%87%d8%a7%d9%86%d8%a7%d8%aa-%d8%b1%d9%8a%d8%a7%d8%b6%d9%8a%d8%a9-%d9%88%d9%83%d8%a7%d8%b2%d9%8a%d9%86%d9%88-%d9%85%d8%a8%d8%a7%d8%b4%d8%b1-%d9%85%d8%aa%d8%a7%d8%ad-%d8%a7%d9%84%d8%a2%d9%86/>betfinal بالعربي</a>', '2025-11-24 08:25:05', '2025-11-24 08:25:05'),
(134, 19, '1win_ljoa', 'tylijreymoa@1win-aviator-casino.store', 'https://aviatorfly1xwin.ru/', 'Погрузитесь в захватывающий мир <a href=https://aviatorfly1xwin.ru/>aviator 1win online</a> и испытайте удачу! \r\n Удобная навигация по игре позволяет быстро ориентироваться в процессе.', '2025-11-26 00:40:23', '2025-11-26 00:40:23'),
(135, 18, 'kdwvuxvthd', 'hdgnvhye@testform.xyz', 'kkmzvwhpop', 'gkiouulfffoxkjllkxldltppluxelr', '2025-11-26 12:50:40', '2025-11-26 12:50:40'),
(136, 19, 'tvdylkpkpw', 'gvsnyiyx@testform.xyz', 'ofzroxxtjq', 'ksevvwudowtuxoyrqnokvhpeiyrxus', '2025-11-26 12:50:40', '2025-11-26 12:50:40'),
(137, 19, 'konsultaci_hxsr', 'gvrqsgjwysr@konsultaciya-yurista20.store', 'https://konsultaciya-yurista-msk01.ru', 'Получите бесплатную консультацию юриста онлайн <a href=https://konsultaciya-yurista-msk01.ru>Юридическая горячая линия – бесплатная консультация</a>. \r\nПравильный выбор юриста может сыграть решающую роль в вашем деле.', '2025-11-27 04:43:31', '2025-11-27 04:43:31'),
(138, 19, '1win_frkn', 'icfiwasthkn@problemno.shop', 'https://1win-download.org.in', 'Its intuitive design makes placing bets easy and straightforward.  \r\nскачать 1win droid-mobile <a href=http://1win-download.org.in/ru/>https://1win-download.org.in/ru/</a>', '2025-11-27 13:02:36', '2025-11-27 13:02:36'),
(139, 19, '888starz_xcMr', 'rvsjingbsMr@ugaritopari.site', 'https://888starz-uzbekistan.ru', 'Безопасность и лицензирование — важные аспекты, на которые стоит обратить внимание.  \r\n888starz вход <a href=https://888starz-starz888.ru/>888starz вход</a>', '2025-11-29 07:51:07', '2025-11-29 07:51:07'),
(140, 19, 'aviator_waKi', 'vdszrqndmKi@1win-aviator-casino.store', 'https://aviator-igra-1.ru/', '<a href=https://aviator-igra-1.ru/>авиатор игра онлайн</a> \r\n Комбинирование удачи и умения анализировать ситуацию — залог успеха в игре.', '2025-11-29 18:34:43', '2025-11-29 18:34:43'),
(141, 19, 'Georgeglolf', 'dinanikolskaya99@gmail.com', NULL, 'Sveiki, aš norėjau sužinoti jūsų kainą.', '2025-12-01 17:15:31', '2025-12-01 17:15:31'),
(142, 19, 'yurist_nesi', 'vabqyhlsysi@yuridicheskaya-konsultaciya23.ru', 'https://yuridicheskaya-konsultaciya23.ru', 'Получите квалифицированную <a href=https://yuridicheskaya-konsultaciya23.ru>консультацию адвоката онлайн</a>. \r\n \r\nКаждый запрос рассматривается с полной конфиденциальностью и вниманием.', '2025-12-02 04:10:14', '2025-12-02 04:10:14'),
(143, 19, 'aviator_obmi', 'dzamawvihmi@1win-aviator-casino.store', 'https://aviator-igra-2.ru/', 'Откройте для себя захватывающий мир <a href=https://aviator-igra-2.ru/>авиатор игры</a>, где каждый раунд может стать шансом на крупный выигрыш! \r\n Стратегический подход в игре aviator является важным фактором для достижения успеха.', '2025-12-02 23:31:28', '2025-12-02 23:31:28'),
(144, 19, 'kazino_mcOr', 'muleqkxloOr@1win-aviator-casino.store', 'https://aviator-igra-3.ru/', 'Погрузитесь в захватывающий мир <a href=https://aviator-igra-3.ru/>казино самолетик</a> и испытайте удачу уже сегодня! \r\nВ этом казино представлены разнообразные игры на любой вкус.', '2025-12-02 23:50:05', '2025-12-02 23:50:05'),
(145, 19, 'aviator_xnet', 'moncnknlnet@1win-aviator-casino.store', 'https://aviator-igra-5.ru/', 'Погружайтесь в захватывающий мир <a href=https://aviator-igra-5.ru/>авиатор казино</a> и испытайте удачу в игре на деньги! \r\nИнтерфейс сайта прост и удобен, что облегчает навигацию.', '2025-12-03 15:39:28', '2025-12-03 15:39:28'),
(146, 19, 'aviator_gfKa', 'cwxxvdhpxKa@1win-aviator-casino.store', 'https://aviator-win.ru', 'Попробуйте свою удачу в <a href=https://aviator-win.ru>казино самолетик 1win</a> и насладитесь уникальными возможностями! \r\nКроме того, казино часто проводит акции, которые позволяют увеличить выигрыш.', '2025-12-04 06:21:25', '2025-12-04 06:21:25'),
(147, 19, 'aviator_yoen', 'uzfuwwbtlen@1win-aviator-casino.store', 'https://aviator-1win-game.ru', 'Погрузитесь в захватывающий мир <a href=https://aviator-1win-game.ru>самолет 1win</a> и испытайте удачу на каждой ставке! \r\nВ Aviator казино игроки могут наслаждаться увлекательными играми и шансом на крупный выигрыш.', '2025-12-04 07:33:22', '2025-12-04 07:33:22'),
(148, 19, 'aviator_zbki', 'flzizbjqwki@1win-aviator-casino.store', 'https://1-win-aviator.ru', 'Откройте для себя невероятные возможности в <a href=https://1-win-aviator.ru>win авиатор</a> и погрузитесь в захватывающий мир азартных игр! \r\nОпытные пользователи часто применяют различные стратегии, чтобы не допустить больших финансовых потерь.', '2025-12-04 08:50:28', '2025-12-04 08:50:28'),
(149, 19, '1win_zzSt', 'fegsipbcsSt@1win-aviator-casino.store', 'https://aviator-igra-4.ru/', 'Погрузитесь в мир увлекательных ставок с <a href=https://aviator-igra-4.ru/>1win самолетик</a>, где каждый спин может стать вашим шагом к успеху! \r\nто самолетик от 1win определенно', '2025-12-04 11:21:26', '2025-12-04 11:21:26'),
(150, 19, '888starz_hhOl', 'gzvkyofwpOl@igurant1.online', 'https://888starz-eng.com', 'A wide variety of gaming experiences are available to players on 888starz. \r\n888 starz ios <a href=https://888starz-eng.com/pl/apk-ios/>888 starz ios</a>', '2025-12-04 12:45:16', '2025-12-04 12:45:16'),
(151, 19, '777bet_upKn', 'vnswuhmcsKn@1win-aviator-casino.store', 'https://777bet-login-registration.com/', '<a href=https://777bet-login-registration.com/>777bet live</a>. \r\nAdditionally, 777bet frequently updates its promotions to keep players engaged.', '2025-12-04 12:51:27', '2025-12-04 12:51:27'),
(152, 19, 'Progon_kfSa', 'eiimppytnSa@xrumer-xrumer1.store', 'https://xrumer-2026.ru', '<a href=https://xrumer-2026.ru>прогон хрумером для ссылочного профиля</a> \r\nПроцесс прогона через Хрумер считается эффективной стратегией для SEO-оптимизации.', '2025-12-04 13:03:24', '2025-12-04 13:03:24'),
(153, 19, '888starz_gdSr', 'ywghgljuxSr@problemno.shop', 'https://photalife.com', 'This diverse selection is one of the reasons why many gamers are flocking to this site. \r\n888starz website <a href=https://hpcgg.org>https://hpcgg.org/</a>', '2025-12-04 15:13:51', '2025-12-04 15:13:51'),
(154, 19, 'mine_eeSt', 'vdfuocazuSt@1win-aviator-casino.store', 'https://minedrop-games.com/', 'Погрузитесь в мир азартных игр и испытайте удачу в <a href=https://minedrop-games.com/>игровой автомат mine drop</a>, где каждый спин может стать выигрышным! \r\nОдной из ключевых особенностей mine drop является возможность выигрыша большогоJackpot.', '2025-12-05 02:51:57', '2025-12-05 02:51:57'),
(155, 19, 'Progon_tqSa', 'qafycbknhSa@xrumer-xrumer1.store', 'https://xrumer-2026.ru', '<a href=https://xrumer-2026.ru>прогон хрумером</a> \r\nС помощью этого инструмента можно автоматизировать множество действий, которые в противном случае потребовали бы много времени.', '2025-12-06 10:52:56', '2025-12-06 10:52:56'),
(156, 19, 'gpxxititqt', 'ggtgowoh@testform.xyz', 'nyowskipyn', 'qmqvqtxkeussqtuhzukgvnmlxqhiux', '2025-12-07 02:45:19', '2025-12-07 02:45:19'),
(157, 18, 'ltzlrlwdff', 'nlqgpehq@testform.xyz', 'dimpluqgid', 'mrpkkhhlomhmsqvukteonnuomghoot', '2025-12-07 02:45:19', '2025-12-07 02:45:19'),
(158, 19, 'Progon_ugSa', 'lzlconvzySa@xrumer-2026.ru', 'https://xrumer-2026.ru', '<a href=https://xrumer-2026.ru>массовый прогон хрумером</a> \r\nТематические площадки позволяют достичь большей целевой аудитории и повысить конверсии.', '2025-12-07 05:24:57', '2025-12-07 05:24:57'),
(159, 19, 'aviator_zgmn', 'ieszimhvxmn@1win-aviator-casino.store', 'https://aviator-game-owner.com/', '<a href=https://aviator-game-owner.com/>aviator game online</a> offers an exciting experience and the opportunity to win real money directly from your device. \r\nThis game combines elements of chance and strategy, making it appealing to a wide audience.', '2025-12-08 13:54:53', '2025-12-08 13:54:53'),
(160, 19, '777bet_rvpt', 'gtcxrdhqxpt@1win-aviator-casino.store', 'https://777bet-live.com/', 'Discover a world of entertainment with <a href=https://777bet-live.com/>777bet</a>, where unforgettable gaming moments and big wins await you! \r\nWhen selecting an online betting site, security and reliability are paramount considerations.', '2025-12-09 02:32:40', '2025-12-09 02:32:40'),
(161, 19, 'aviator_kbpt', 'srbgibdnhpt@1win-aviator-casino.store', 'https://aviator-1win-app.ru', 'В казино <a href=https://aviator-1win-app.ru>авиатор 1вин</a> игроки могут наслаждаться захватывающими взлетами и множеством возможностей для выигрыша. \r\nВ этом заведении игроки могут попробовать свои силы на множестве игровых автоматов.', '2025-12-09 02:32:45', '2025-12-09 02:32:45'),
(162, 19, 'xrumer_ilOl', 'yncsikcbrOl@xrumer-exp.ru', 'https://xrumer-exp.ru', '<a href=https://xrumer-exp.ru>база xrumer</a> поможет значительно повысить видимость вашего сайта в поисковых системах. \r\nНаконец, не забывайте о том, что прогон хрумером не должен быть единственным методом продвижения.', '2025-12-09 08:14:57', '2025-12-09 08:14:57'),
(163, 18, 'squvhkjnpw', 'zogdkvvi@testform.xyz', 'qpdzpzmuff', 'gvoigwrfekogtohmjdhmnufxgfgimf', '2025-12-09 12:21:50', '2025-12-09 12:21:50'),
(164, 19, 'oqutkxpuqy', 'mkgdgloy@testform.xyz', 'jqjszpfodd', 'wsmjpusgpfqxkrptkklhxvufsgsjtv', '2025-12-09 12:21:53', '2025-12-09 12:21:53'),
(165, 19, 'playboy888_gkSr', 'pazxoygqxSr@1win-aviator-casino.store', 'https://play-boy888.com/', '<a href=https://play-boy888.com/>playboy888</a> \r\nPlayboy888 is a fascinating online platform that attracts many users worldwide.', '2025-12-09 13:54:43', '2025-12-09 13:54:43'),
(166, 19, '918kiss_poKr', 'tvyddjxxwKr@1win-aviator-casino.store', 'https://kiss918-lama.com/', '<a href=https://kiss918-lama.com/>918kiss lama apk download</a> offers a convenient way to download the gambling application. \r\nThe application has received favorable reviews from users praising its performance.', '2025-12-10 02:32:33', '2025-12-10 02:32:33'),
(167, 19, 'vpower_shOl', 'khawbfyqxOl@1win-aviator-casino.store', 'https://v-powerapk.com/', '<a href=https://v-powerapk.com/>vpower apk download</a> our website makes it easy and fast to access all the features of this great game. \r\nTo sum up, vpower apk transcends being a mere application; it\'s a vital tool for countless users.', '2025-12-10 03:52:54', '2025-12-10 03:52:54'),
(168, 19, 'betfinal_ssKn', 'ryveuxwbdKn@ugaritopari.site', 'https://animehider.com', 'من المعروف أن بيت فاينال هو موقع تقدم مجموعة واسعة من البحرية الرياضية. تُعرف هذه الموقع بتقديم خبرة فريدة لمحبي الرياضات. تعد المراهنات الألعاب من أكثر الخيارات شعبية في الوقت الراهن. \r\nفي النهاية، تعتبر بيت فاينال خيارًا ممتازًا للاعبين الذين يبحثون عن مجموعة متنوعة من الخيارات. من خلال استخدام هذه الموقع، يمكن للمستخدمين الاستمتاع بتجربة مميزة في عالم المراهنات الألعاب وأيضًا المعلومات المفيدة المتاح دائمًا. \r\nبيت فاينل قطر <a href=http://www.animehider.com/>https://animehider.com/</a>', '2025-12-10 06:22:08', '2025-12-10 06:22:08'),
(169, 19, 'aviator_qjKr', 'rpqpivtnbKr@1win-aviator-casino.store', 'https://aviator-bonus-game.com/', 'Immerse yourself in the world of exciting betting with <a href=https://aviator-bonus-game.com/>daman game aviator</a> and try your luck! \r\n Collaborating on strategies and sharing experiences often results in a more fulfilling game experience.', '2025-12-10 23:47:27', '2025-12-10 23:47:27'),
(170, 19, '888starz_makr', 'webtzsuockr@ingushetdomaz.pro', 'https://888starzuzbets.com', 'Turli o\'yinlar va sport faoliyatlari orqali, bu sayt har bir foydalanuvchiga o\'ziga xos tajribani taklif etadi. \r\n \r\n888starz\'dagi o\'yinlar, har doim yuqori sifat va eng yaxshi xizmatni taklif etadi  \r\n888starz download apk <a href=https://www.amritawalia-art.com/2025/11/12/888starz-oyin-maydoni-va-onlayn-tikish-xizmati-foydalanuvchilarga-qulay-va-xavfsiz-xizmatlar-taqdim-etadi/>https://amritawalia-art.com/2025/11/12/888starz-oyin-maydoni-va-onlayn-tikish-xizmati-foydalanuvchilarga-qulay-va-xavfsiz-xizmatlar-taqdim-etadi/</a>', '2025-12-11 19:22:23', '2025-12-11 19:22:23'),
(171, 19, 'aviator_trEi', 'rdmnqulknEi@1win-aviator-casino.store', 'https://original-aviator-game.com/', 'Plai in <a href=https://original-aviator-game.com/>online aviator game</a> and experience the adrenaline rush with every bet! \r\n Fresh players are able to easily understand the mechanics and dive into the fun without a complicated tutorial.', '2025-12-12 04:51:12', '2025-12-12 04:51:12'),
(172, 19, 'aviator_heet', 'hslokwqkmet@1win-aviator-casino.store', 'https://aviator-1win-registration.ru', 'Попробуйте свои силы в <a href=https://aviator-1win-registration.ru>авиатор 1win играть</a>, и испытайте удачу в уникальном игровом процессе! \r\n Азарт и возможность выигрыша делают \"Авиатор\" особенно привлекательным для многих.', '2025-12-14 05:38:41', '2025-12-14 05:38:41'),
(173, 19, '888starz_xxEl', 'lltvcasxeEl@ugaritopari.site', 'https://888starzegypteg.com', 'تُعد 888starz مصر من المنصات البارزة التي تقدم خدمات متنوعة للاعبين. بفضل خدماتها المتعددة، تحتل هذه المنصة مكانة خاصة في سوق الألعاب. يمتاز 888starz بتقديم تجربة مستخدم متميزة تتناسب مع احتياجات اللاعبين. يستطيع اللاعبون الاستمتاع بالعديد من الألعاب المختلفة التي تشمل القمار والألعاب الرياضية. \r\n \r\nتعتبر واجهة المستخدم في 888starz سهلة الاستخدام، مما يسهل على اللاعبين التنقل بين الأقسام المختلفة. توفر المنصة خيارات متعددة للإيداع والسحب، مما يجعل التعامل المالي سلسًا وآمنًا. تعمل 888starz على تلبية احتياجات اللاعبين بطرق متعددة. تمثل المصداقية والأمان أساس عمل 888starz. \r\n \r\n888 <a href=https://888starzegypteg.com>https://888starzegypteg.com/</a>', '2025-12-15 07:40:56', '2025-12-15 07:40:56'),
(174, 19, 'vulkanspie_hgol', 'pxmtgmgznol@ingushetdomaz.pro', 'http://agrogradnjacompany.com/728-2/', 'Vulkanspiele to miejsce, ktore ciagle sie rozwija.  \r\nvulkanspiele kody bonusowe <a href=malehu.coffee/2025/12/15/vulkanspiele-kod-promocyjny-jak-odebrac-bonus-bezpiecznie-i-bez-pomylek>https://malehu.coffee/2025/12/15/vulkanspiele-kod-promocyjny-jak-odebrac-bonus-bezpiecznie-i-bez-pomylek/</a>', '2025-12-16 07:40:10', '2025-12-16 07:40:10'),
(175, 19, 'Nikitarhync', 'nikitafofanov46@gmail.com', 'https://wa.me/+35795629348', 'Greetings! Hope you\'re having a good one. \r\nHello, I offer financial backing to quality websites. Your platform appears worthy of consideration. Would you like to discuss possibilities? Please contact me on WhatsApp +79939466590', '2025-12-17 00:02:52', '2025-12-17 00:02:52'),
(176, 19, '1win_kren', 'zicpgggkzen@ingushetdomaz.pro', 'https://1win-download.org.in/', 'Many users have shown great interest in the 1win app. Users appreciate the array of features this app provides. One of its main attractions is the user-friendly interface. \r\n \r\nThe layout allows users to move seamlessly between sections. This simplicity contributes to a better overall experience. The developers frequently update the app to provide new features and improvements. \r\n \r\none win app download apk <a href=heartkrafted.com/download-1win-application-apk-android-ios-setup>https://heartkrafted.com/download-1win-application-apk-android-ios-setup/</a>', '2025-12-18 05:56:00', '2025-12-18 05:56:00'),
(177, 18, 'hlmtxvknwv', 'ifvdzmwl@testform.xyz', 'qfvvwzfkvr', 'dpvfixegffpuxrpjxynlukmjedwvfs', '2025-12-18 09:33:32', '2025-12-18 09:33:32'),
(178, 19, 'nllfgwflkj', 'nefjpokh@testform.xyz', 'jsewhlgdrs', 'ftoemesgkzqdxjmenjnmedkfptfrsk', '2025-12-18 09:33:33', '2025-12-18 09:33:33'),
(179, 19, '777bet_slpa', 'mrcfducsqpa@1win-aviator-casino.store', 'https://777bet-cash-login.com/', 'Discover the world of gambling with 777bet – your reliable partner in entertainment! \r\nOne of the standout features of 777bet is its user-friendly interface.', '2025-12-18 15:21:57', '2025-12-18 15:21:57'),
(180, 19, '1win_jlOA', 'cygmjngseOA@1win-aviator-casino.store', 'https://aviator-1win-slot.ru/', 'Погрузитесь в захватывающий мир игры <a href=https://aviator-1win-slot.ru/>самолетик 1win</a> и испытайте удачу прямо сейчас! \r\nТаким образом, игроки могут сократить риски и увеличить свои доходы.', '2025-12-19 08:48:57', '2025-12-19 08:48:57'),
(181, 19, '918kiss_noKl', 'sjvulykydKl@1win-aviator-casino.store', 'https://kiss918lama.com/', 'Try downloading the new version of 918kiss using <a href=https://kiss918lama.com/>kiss918 lama</a> and enjoy the exciting gaming process! \r\nThe emphasis on safety plays a crucial role in establishing trust with users.', '2025-12-19 15:49:06', '2025-12-19 15:49:06'),
(182, 18, 'mfogkffpsg', 'vmkpdmur@testform.xyz', 'trytpkqjdi', 'gnmyokfztquxwerlwhplliwwmufohn', '2025-12-19 19:18:02', '2025-12-19 19:18:02'),
(183, 19, 'hnxmiwghdd', 'wpngdepk@testform.xyz', 'zpdttyfujn', 'zdgxrdztgiwgsljdrhzsgrgpjeejud', '2025-12-19 19:18:05', '2025-12-19 19:18:05'),
(184, 19, 'Dizaynersk_bgpr', 'fsinpgjllpr@2-construction.store', 'https://byfurniture.ry', '<a href=byfurniture.ry>Дизайнерская мебель премиум класса</a> — это воплощение изысканного стиля и безукоризненного качества. \r\n \r\nДизайнерская мебель предлагает уникальные решения для интерьеров. Каждый предмет создается ограниченным тиражом или является единственным экземпляром.', '2025-12-19 22:20:45', '2025-12-19 22:20:45'),
(185, 19, 'playboy888_dlPn', 'gewroucvaPn@1win-aviator-casino.store', 'https://play8oy2-apk.com/', '<a href=https://play8oy2-apk.com/>playboy888</a> \r\n It allows users to interact with others who share similar interests while ensuring a secure space.', '2025-12-19 22:31:50', '2025-12-19 22:31:50'),
(186, 19, 'aviator_icMr', 'tlvhvdrdzMr@1win-aviator-casino.store', 'https://astronaut-game-aviator.com/', 'Immerse yourself in a captivating world<a href=https://astronaut-game-aviator.com/>aviator game online</a>and try your luck at flying your own plane! \r\nStrategic planning can significantly impact your outcomes in the game.', '2025-12-20 02:29:31', '2025-12-20 02:29:31'),
(187, 19, '1win_heml', 'xbiierqoyml@1win-aviator-casino.store', 'https://aviator-1win-apk.ru/', 'Играйте в <a href=https://aviator-1win-apk.ru/>aviator 1win</a> и испытайте удачу в увлекательном мире авиационных приключений! \r\nИгрокам не нужно много времени для их освоения.', '2025-12-20 04:21:37', '2025-12-20 04:21:37'),
(188, 19, 'aviator_lpot', 'pyvtoatdsot@1win-aviator-casino.store', 'https://new-aviator-game.com/', 'Immerse yourself in a fascinating world <a href=https://new-aviator-game.com/>aviator</a> and experience your passion right now! \r\nA standout aspect of the aviator game is its unique multiplier system.', '2025-12-20 20:48:44', '2025-12-20 20:48:44'),
(189, 19, 'vpower_awkr', 'cruncapgakr@1win-aviator-casino.store', 'https://v-powerapp.com/', '<a href=https://v-powerapp.com/>vpower apk download</a> \r\n A lag-free experience is guaranteed with this application, enhancing user satisfaction.', '2025-12-20 22:26:50', '2025-12-20 22:26:50'),
(190, 19, '888starz_qjSi', 'tgcxducoqSi@igurant1.online', 'https://888starzuzbets.com/', '888 starz Oʻzbekistonda o‘yin va tikish uchun qulay platforma sanaladi \r\n \r\n888starz <a href=http://www.888starzuzbets.com>https://888starzuzbets.com/</a>', '2025-12-23 06:09:12', '2025-12-23 06:09:12'),
(191, 19, 'Avtoservis_bhmr', 'tsvpocgdmmr@lvdskjn.store', 'https://servis-toyota-moskva.ru/remont-toyota-v-moskve/', 'Автосервис Тойота в Москве предлагает широкий спектр услуг. Специалисты готовы осуществлять ремонт и обслуживание ваших автомобилей. \r\nЕсли вам нужен качественный и надежный <a href=https://servis-toyota-moskva.ru/remont-toyota-v-moskve/> автосервис Тойота</a>, мы предлагаем широкий спектр услуг для вашего автомобиля. \r\nДля Тойота необходим высокий уровень квалификации. Каждый механик проходит специальное обучение и сертификацию. \r\nТехническое оснащение сервиса соответствует самым высоким стандартам. Наличие современного оборудования существенно упрощает процесс диагностики. \r\nВы получите качественное и профессиональное обслуживание вашего автомобиля. Мы ценим каждого клиента и стремимся к его удовлетворенности.', '2025-12-23 11:17:42', '2025-12-23 11:17:42'),
(192, 19, 'melbet_jnMi', 'atcjtheqlMi@ingushetdomaz.pro', 'https://elenagatilova.ru', 'Для того, чтобы начать использовать приложение <a href=https://elenagatilova.ru>скачать приложение мелбет</a>, необходимо скачать приложение на свой смартфон. \r\n представляет собой современную букмекерскую контору с обширными возможностями. Это позволяет пользователям выбирать из огромного количества вариантов, соответствующих их интересам и предпочтениям. Melbet  создал простой и понятный веб-сайт для всех желающих сделать ставку. Кроме того, Melbet обеспечивает высокую степень безопасности и конфиденциальности для всех своих пользователей . \r\n \r\nmelbet скачать на андроид <a href=http://www.elenagatilova.ru>https://elenagatilova.ru/</a>', '2025-12-24 18:15:54', '2025-12-24 18:15:54'),
(193, 19, 'aviator_cySr', 'nxbaivweiSr@1win-aviator-casino.store', 'https://free-aviator-game.com/', 'Immerse yourself in a captivating world <a href=https://free-aviator-game.com/>aeroplane game money</a>and test your driving skills! \r\nThe potential for large winnings keeps players coming back for more.', '2025-12-24 21:39:28', '2025-12-24 21:39:28'),
(194, 19, 'Georgeglolf', 'dinanikolskaya99@gmail.com', NULL, 'Salut, ech wollt Äre Präis wëssen.', '2025-12-26 12:53:43', '2025-12-26 12:53:43'),
(195, 19, '888starz_cfoa', 'eopgiwlkhoa@ingushetdomaz.pro', 'https://888starz-bettings.com/', '888starz is a well-known name in the online gaming industry, offering a wide range of services . The platform provides an extensive selection of games and betting options, catering to different tastes and preferences.  888starz offers an impressive collection of games, ensuring that users never run out of options. Furthermore, the platform is designed to be accessible and easy to navigate, making it a great choice for both beginners and experienced players. \r\nThe 888starz platform is known for its generosity, offering attractive bonuses and promotions  \r\n \r\n888starz вход <a href=http://www.plaza.rakuten.co.jp/wordstatik/diary/202508240000/>https://plaza.rakuten.co.jp/wordstatik/diary/202508240000/</a>', '2025-12-27 09:34:24', '2025-12-27 09:34:24'),
(196, 19, 'betfinal_noMr', 'ljravisawMr@ingushetdomaz.pro', 'https://kulaistechnopower.com/', 'توجد لديها قاعدة من اللاعبين الكبار، لأنها توفر لهم الكثير من الخيارات، حيث يمكنهم اللعب بكل أمان. betfinal تعتبر منصة رياضية متطورة للغاية \r\nتعتبر منصة رياضية متقدمة جدًا، حيث يمكن لللاعبين اللعب بكل سلاسة، حيث يتم توفير جميع الإمكانيات اللازمة لهم. \r\nتعتبر هذه المنصة منصة رياضية مرنة جدًا، حيث يمكن لللاعبين اللعب بكل راحة، حيث يتم توفير جميع الإمكانيات اللازمة لهم. \r\n \r\n \r\nكازينو betfinal وكازينو goodman <a href=http://kulaistechnopower.com/>https://kulaistechnopower.com/</a>', '2025-12-27 09:52:53', '2025-12-27 09:52:53'),
(197, 19, 'likvidaciy_btPi', 'qbqbjknlkPi@b2blegal.store', 'https://b2blegal.ru', 'ликвидации ооо москва <a href=http://www.b2blegal.ru>https://b2blegal.ru/</a>', '2025-12-27 19:58:03', '2025-12-27 19:58:03'),
(198, 19, 'jili_qiOl', 'qqrrdasfiOl@1win-aviator-casino.store', 'https://jilispin-login.com', 'Try your luck in <a href=https://jilispin-login.com>jili</a> and enjoy exciting slots from Jili! \r\n This simple procedure renders it fun for every level of expertise.', '2025-12-29 01:11:49', '2025-12-29 01:11:49'),
(199, 19, 'spingo88_fiPl', 'jrhjgdrfsPl@1win-aviator-casino.store', 'https://spingo-88.com/', 'Immerse yourself in the world of exciting games and big wins with spingo88 on <a href=https://spingo-88.com/>spingo88</a>! \r\nLooking ahead, Spingo88 is poised for even greater success as it continues to evolve.', '2025-12-29 14:37:17', '2025-12-29 14:37:17'),
(200, 19, 'mrlucky88_ioon', 'ofagubytpon@1win-aviator-casino.store', 'https://mr-lucky88.com/', 'Discover the best slot machines with <a href=https://mr-lucky88.com/>mrlucky88</a>. \r\nBy addressing fan queries and fostering conversations, mrlucky88 maintains strong ties.', '2025-12-30 08:48:55', '2025-12-30 08:48:55'),
(201, 19, '888starz_lkki', 'ntpwfmvhwki@igurant1.online', 'https://indianhandicraftitems.com/888starz-oyin-platformasi-va-onlayn-tikish-xizmatidir-foydalanuvchilar-uchun-qulaylik-xavfsizlik-va-bonuslar-haqida/', '888starz is known for its diverse and exciting games that cater to different tastes and preferences . The platform provides an exceptional gaming experience with its user-friendly interface and responsive customer support .  players can enjoy a range of games, from classic slots to live dealer games. \r\n \r\nPlayers can access 888starz from anywhere in the world, using their desktop or mobile devices . The platform  has a loyalty program that rewards players for their continued play .  \r\n \r\nhttps://reskrimpolrestasorongkota.com/node/220840 <a href=https://indianhandicraftitems.com/888starz-oyin-platformasi-va-onlayn-tikish-xizmatidir-foydalanuvchilar-uchun-qulaylik-xavfsizlik-va-bonuslar-haqida>https://indianhandicraftitems.com/888starz-oyin-platformasi-va-onlayn-tikish-xizmatidir-foydalanuvchilar-uchun-qulaylik-xavfsizlik-va-bonuslar-haqida/</a>', '2025-12-30 13:55:32', '2025-12-30 13:55:32'),
(202, 19, '125win_woMr', 'pdiiuinzrMr@1win-aviator-casino.store', 'https://125-win.com/', 'Try your hand at online games on <a href=https://125-win.com>125win login</a> and win big prizes! \r\n125win has quickly become popular among online betting enthusiasts.', '2025-12-30 19:38:28', '2025-12-30 19:38:28'),
(203, 19, 'kak_ybmi', 'hgxiqvmmumi@lvdskjn.store', 'https://ne-popadis.org/', 'как не попасться на мошенников в интернете <a href=http://www.ne-popadis.org/>https://ne-popadis.org/</a>', '2025-12-31 17:55:33', '2025-12-31 17:55:33'),
(204, 19, 'linkbildin_nrPt', 'ijwmzsmfhPt@usileniessylok.ru', 'https://usileniessylok.ru/', 'Поэтому линкбилдинг является ключевым элементом для улучшения SEO. \r\n<a href=https://usileniessylok.ru/> Link diversity:</a> \r\nТаким образом, линкбилдинг способствует увеличению прибыли. \r\nТакже можно использовать гостевые посты на популярных блогах. \r\nИгнорирование базовых принципов качественного линкбилдинга гарантированно приведет к провалу SEO-кампании и потере органического трафика. \r\n \r\nБезанкорные ссылки и брендовые анкоры должны составлять значительную часть профиля. \r\n \r\nРабота с лидерами мнений и инфлюенсерами открывает доступ к новым аудиториям. \r\n \r\nДля местных бизнесов важны ссылки с региональных ресурсов и каталогов. \r\n \r\nОднако микс различных типов ссылок выглядит естественнее для поисковиков.', '2026-01-06 15:33:57', '2026-01-06 15:33:57'),
(205, 19, 'alo789_zwkt', 'zmiijsfdgkt@1win-aviator-casino.store', 'https://alo-789.com/', 'Check out our new game on <a href=https://alo-789.com/>alo789 com</a>, to try your luck and win big prizes! \r\nCustomer support is available around the clock to assist with any inquiries or technical issues.', '2026-01-08 11:57:49', '2026-01-08 11:57:49'),
(206, 19, 'The_lakr', 'orunuzswykr@lvdskjn.store', 'https://title-balcony.site/', '<a href=https://title-balcony.site/>The Title Balcony 1 bedroom</a> is a modern beachfront condominium in Phuket, located on the coast in the Nai Yang area. \r\n The Title Balcony Nai Yang emerges as a cutting-edge beachfront condominium in Phuket, placed directly along the coastline in the Nai Yang area. This condominium offers breathtaking views of the Andaman Sea  features awe-inspiring views of the Andaman Sea. The location is perfect for those who want to wake up to the sound of waves ideal for individuals who wish to awaken to the sound of waves . The Title Balcony Nai Yang is designed to offer a luxurious lifestyle  constructed to present an opulent lifestyle.', '2026-01-10 14:25:04', '2026-01-10 14:25:04'),
(207, 19, 'vblink_gmOl', 'ejshlqpvqOl@1win-aviator-casino.store', 'https://v-blink.com/', 'Discover new opportunities with <a href=https://v-blink.com/>vblink 777</a>, that will change the way you think about communication. \r\nIts interface is user-friendly, providing a smooth experience for beginners.', '2026-01-10 20:23:06', '2026-01-10 20:23:06'),
(208, 19, 'vinlab_kqMn', 'dqssalvwmMn@lvdskjn.store', 'https://t.me/s/winelab_promokod', 'Используйте <a href=https://t.me/s/winelab_promokod>Винлаб промокод на первый заказ в приложении</a>, чтобы получить выгодную скидку на первый заказ в приложении. \r\nСледите за новостями в приложении, чтобы быть в курсе изменений.', '2026-01-11 14:16:42', '2026-01-11 14:16:42'),
(209, 19, '888starz_rxSi', 'uilzintxeSi@ingushetdomaz.pro', 'https://multitaskingmaven.com/', '??????? ?????? ?????? ??? ?????? <a href=https://multitaskingmaven.com/>?????888</a> ???? ??? ?????? ????? ????????? ???????? ??? ?????? ??????????. \r\n???? 888starz ????? ????? ??????? ????? ????? ??? ???? ???????  \r\nمراهنات 888 <a href=http://www.multitaskingmaven.com>https://multitaskingmaven.com/</a>', '2026-01-12 07:41:04', '2026-01-12 07:41:04'),
(210, 19, 'aviator_hcet', 'kwhlxtovaet@1win-aviator-casino.store', 'https://aviator-1win-registration.ru', 'Попробуйте свои силы в <a href=https://aviator-1win-registration.ru>авиатор вин</a>, и испытайте удачу в уникальном игровом процессе! \r\n Безопасность клиентов и честность в азартных играх — основа доверия к казино.', '2026-01-15 18:33:53', '2026-01-15 18:33:53'),
(211, 19, 'Anya152El', '152@kirisbyforum.fun', 'https://baronmag.ca/2023/10/historical-interior-styles-lets-decode/', 'Hello everyone! \r\nI came across a 152 helpful tool that I think you should browse. \r\nThis tool is packed with a lot of useful information that you might find helpful. \r\nIt has everything you could possibly need, so be sure to give it a visit! \r\n<a href=https://baronmag.ca/2023/10/historical-interior-styles-lets-decode/>https://baronmag.ca/2023/10/historical-interior-styles-lets-decode/</a>\r\n \r\nAdditionally remember not to overlook, guys, that a person constantly may within this particular piece find responses to the the very complicated inquiries. Our team tried — explain all of the information in an extremely accessible way.', '2026-01-16 05:36:53', '2026-01-16 05:36:53'),
(212, 19, 'crazy_uaMi', 'iupowfrfqMi@igurant1.online', 'https://crazytimeitaly.com/', 'e un argomento di grande interesse per gli studiosi di psicologia . La sua definizione e ancora oggetto di dibattito tra gli studiosi . Le persone stanno cercando di capire cosa sia questo fenomeno . \r\n \r\nLa \"crazy time\"  e contraddistinta da una grande velocita e competitivita. Le persone stanno cercando di trovare un equilibrio tra lavoro e vita privata . La tecnologia  sta cambiando il modo in cui le persone interagiscono e comunicano. \r\n \r\nrisultati crazy time <a href=https://www.crazytimeitaly.com/>https://crazytimeitaly.com/</a>', '2026-01-17 09:45:48', '2026-01-17 09:45:48'),
(213, 19, 'vkqzqmzxyd', 'mqtykrsi@checkyourform.xyz', 'fsxwhikxpt', 'wvxdtwusyppznmfutwswlwdepsdsgf', '2026-02-15 16:22:03', '2026-02-15 16:22:03'),
(214, 18, 'tnmqxswkge', 'lfuyulos@checkyourform.xyz', 'uontqkvlht', 'wqsjzujojokuydeoxoqkjmddxoghli', '2026-02-15 16:22:32', '2026-02-15 16:22:32'),
(215, 19, '888starz_dzkr', 'efyyjsnsbkr@sorok4.fun', 'https://888starz.onl/eg/', 'تعتبر 888starz من الشركات المرموقة فى مجال المراهنات الرياضية فى مصر  \r\nتسجيل دخول 888starz <a href=http://888starz.onl/eg/>https://888starz.onl/eg/</a> \r\nتقدم 888starz مصر تجربة لعب رائعة مع جوائز وفوائز مميزة', '2026-02-16 10:56:30', '2026-02-16 10:56:30'),
(216, 19, 'good_hxOr', 'juscerqkdOr@aviator-game-best.com', 'https://gooday4play.com/', 'Discover endless fun and excitement at <a href=https://gooday4play.com/>good 4 play</a>, your ultimate destination for entertainment. \r\nIncluding playful intervals in daily habits enhances overall wellness.', '2026-02-18 04:27:37', '2026-02-18 04:27:37'),
(217, 19, '777bet_duml', 'izxhzlvgzml@aviator-game-best.com', 'https://site-777bet.com/', 'Experience the thrill of online gaming at <a href=https://site-777bet.com/>777bet</a>, where excitement and big wins await you. \r\nThese live bets update odds in real time, creating an exciting atmosphere for users. \r\n \r\n--- \r\n \r\nRapidly updating odds in live scenarios make 777bet a thrilling platform for punters.', '2026-02-19 12:09:08', '2026-02-19 12:09:08'),
(218, 19, 'yurist_nkEl', 'ipuxltmedEl@yurist-po-zhilishchnym-voprosam2.store', 'https://yurist-po-zhilishchnym-voprosam2.ru', 'Если вам необходим <a href=https://yurist-po-zhilishchnym-voprosam2.ru>консультация юриста по жилищным вопросам</a>, мы готовы предоставить квалифицированную помощь в решении любых жилищных споров. \r\n Специалист в сфере жилищных дел оказывает консультационные услуги по различным вопросам жилья . \r\n Он отлично ориентируется в правовых нюансах, связанных с жильем. \r\n \r\n Его услуги актуальны при покупке, продаже или разделе имущества. \r\n Он способен подготовить любые необходимые документы для сделок с недвижимостью. \r\n \r\nОдной из важных задач является помощь в разрешении споров между соседями или собственниками . \r\nКроме того, он обеспечивает правовую защиту при выселении или смене собственника жилья . \r\n \r\n Он подробно объясняет все юридические процедуры и возможные последствия . \r\nБлагодаря его помощи, клиенты получают уверенность и спокойствие при решении жилищных вопросов .', '2026-02-19 18:07:46', '2026-02-19 18:07:46'),
(219, 19, 'ExBet_ugEt', 'elzbfqvyeEt@aviator-game-best.com', 'https://66exbet.com/', 'Discover the excitement and top bonuses at <a href=https://66exbet.com/>ExBet</a>, your ultimate destination for online gaming. \r\nThe platform’s promotions and bonuses provide compelling rewards to engage new and existing users alike.', '2026-02-21 05:52:02', '2026-02-21 05:52:02'),
(220, 19, '777bet_kyMi', 'sktkwdxiuMi@aviator-game-best.com', 'https://777bet-registration.com/', 'Experience thrilling wins and endless entertainment at <a href=https://777bet-registration.com/>777bet сasino</a>, your ultimate destination for online gaming. \r\nLicensed and regulated, 777bet guarantees a fair and transparent betting environment.', '2026-02-21 05:52:03', '2026-02-21 05:52:03'),
(221, 19, '777bet_slSi', 'zhaovtamcSi@aviator-game-best.com', 'https://777-bet.io/', 'Discover the thrill of online gaming at <a href=https://777-bet.io/>777bet</a>, where exciting bets and big wins await you! \r\nPlayers can choose from slots, blackjack, roulette, and many live dealer games.', '2026-02-21 13:03:02', '2026-02-21 13:03:02'),
(222, 19, 'yuridiches_sgsr', 'ihqelqsdvsr@pomoshch-yurista43.store', 'https://pomoshch-yurista43.ru', '<a href=https://pomoshch-yurista43.ru>юридическая консультация бесплатно</a> \r\n \r\n Консультации юриста —  незаменимый этап . \r\n \r\n относительно вашей ситуации . \r\n \r\n специалиста в сфере права . \r\n \r\n Рекомендации правоведов . \r\n \r\n квалификацию юриста. \r\n \r\nвы можете быть уверены ,  что интересы соблюдены . \r\n \r\nВ итоге, . \r\n \r\n избежать ошибок.', '2026-02-22 17:11:26', '2026-02-22 17:11:26'),
(223, 19, 'Avtoservis_xcmr', 'wfflkfmbimr@lvdskjn.store', 'https://servis-toyota-moskva.ru/remont-toyota-v-moskve/', 'В Москве существует множество автосервисов, специализирующихся на Тойота. Профессионалы помогут вам с ремонтом и техническим обслуживанием. \r\nЕсли вам нужен качественный и надежный <a href=https://servis-toyota-moskva.ru/remont-toyota-v-moskve/> автосервис Toyota</a>, мы предлагаем широкий спектр услуг для вашего автомобиля. \r\nРабота с автомобилями этой марки требует особого подхода. Каждый механик проходит специальное обучение и сертификацию. \r\nВ автосервисе установлено современное оборудование. Это позволяет проводить диагностику и ремонт на высшем уровне. \r\nВы получите качественное и профессиональное обслуживание вашего автомобиля. Наши клиенты всегда остаются довольны результатом работ.', '2026-02-25 02:37:37', '2026-02-25 02:37:37'),
(224, 19, 'yuridiches_stoi', 'rkdvyksdeoi@pomoshch-yurista53.store', 'https://pomoshch-yurista53.ru', 'Получите профессиональную <a href=https://pomoshch-yurista53.ru>консультация нотариус</a>. \r\n \r\nЮридическая консультация  — это важный аспект в жизни каждого человека или бизнеса.  Вне зависимости от характера ситуации , наличие профессионального юриста может сыграть решающую роль .  Правовая поддержка даст четкое понимание ваших прав и обязанностей. \r\n Для эффективной консультации важно определить, с чем именно вы обращаетесь. Четкое изложение ситуации крайне полезно для адвоката .  Собранные документы играют важную роль — это также важный аспект. \r\nАдвокаты могут предложить различные услуги . Это может быть актуально как для физических лиц, так и для предпринимателей .  Необходимо учитывать профессиональную область юриста . \r\n \r\n В результате консультации вы сможете составить план . Не стоит забывать, что многие случаи требуют индивидуального подхода .  Чем раньше вы обратитесь к специалисту, тем больше шансов на положительный исход.', '2026-02-25 05:00:50', '2026-02-25 05:00:50'),
(225, 19, 'Unichtozhe_zuki', 'hjnhmetwaki@dezia.store', 'https://obrabotka-klopov.ru/', 'Для быстрого и эффективного избавления от неприятных соседей воспользуйтесь услугами <a href=https://obrabotka-klopov.ru/>обработка от клопов горячим туманом клиаком</a>, чтобы вернуть дому комфорт и спокойствие. \r\nОбработка всех этих скрытых мест обязательна для полного избавления от клопов.', '2026-02-25 20:34:05', '2026-02-25 20:34:05'),
(226, 19, 'aviator_fdkl', 'eqwsmpmbukl@aviator-game-best.com', 'https://online-aviatorgame.com/', 'Discover the thrill of the aviator game at <a href=https://online-aviatorgame.com/>aviator game</a>, where precision and luck collide in the sky. \r\n Nostalgic graphics and clean UI make the aviator game approachable for newcomers.', '2026-02-26 23:59:26', '2026-02-26 23:59:26'),
(227, 19, 'vulkanspie_bdKa', 'rfpnooionKa@sorok4.fun', 'https://vulkan-spiele3.com/', 'Casyna internetowe czesto moga pochwalic sie szeroka oferta gier vulkanspiele. \r\nvulkan spiele apk <a href=https://vulkan-spiele3.com/aplikacja/>https://vulkan-spiele3.com/aplikacja/</a>', '2026-03-02 13:26:09', '2026-03-02 13:26:09'),
(228, 19, 'crazy_pmka', 'jxaxzhdlyka@problemno.shop', 'https://lenoralivingston.com/', 'Preparati a vivere l’esperienza Crazy Time al massimo, tra slot, bonus e statistiche live dal cuore dell’Italia. \r\nCrazy Time combina ruote della fortuna, bonus multipli e una dinamica di gioco molto energica, offrendo un mix adatto sia ai principianti sia agli high-roller. \r\nultimi risultati crazy time <a href=https://www.lenoralivingston.com/>https://lenoralivingston.com/</a>', '2026-03-07 16:53:18', '2026-03-07 16:53:18'),
(229, 19, 'CoastlineUAEDow', 'denis.krasnikovvlb@gmail.com', 'https://buy-property-uae.com/', 'Nowadays finding leading real estate agencies in dubai is the main step safe investment. The buy-property-uae.com project provides a comprehensive list of luxury property agencies of the highest level. If you need to find a trusted agent, check out the information below. \r\n \r\nI’ll leave it here  https://buy-property-uae.com/', '2026-03-10 20:45:23', '2026-03-10 20:45:23'),
(230, 19, 'pyqqqqdkwe', 'siuifnkj@checkyourform.xyz', 'oerigiwyzt', 'gwkzquzxiikrpzjetjphgugkfqwqen', '2026-03-14 21:52:14', '2026-03-14 21:52:14'),
(231, 19, 'ristqpfnjf', 'hsewefhe@checkyourform.xyz', 'mqogjutzxz', 'uqmomwpijsyspjdhhsgvgikiylzvxi', '2026-03-14 21:52:27', '2026-03-14 21:52:27'),
(232, 19, '888starz_zoSt', 'rgbduhldkSt@igurant1.online', 'https://colindaylinks.com', 'تحفز العروض المستمرة اللاعبين على المشاركة والتفاعل باستمرار \r\nstar888 <a href=https://sunnysideups.org/>https://sunnysideups.org/</a>', '2026-03-19 19:06:03', '2026-03-19 19:06:03'),
(233, 19, 'kupit_ojpi', 'iyaxscgcjpi@1-construction.store', 'https://spb.oknafactoria.in/', 'В этом разделе подробно описаны выгоды, которые дают пластиковые окна от «Пластик». \r\nКомпания «Пластик» предлагает <a href=https://spb.oknafactoria.in/>монтаж окон Москва</a> отличного качества с гарантией и профессиональным монтажом по Москве. \r\nИзготовление выполняется на заводе по техническим параметрам клиента с оговорёнными сроками.', '2026-03-20 20:49:10', '2026-03-20 20:49:10'),
(234, 19, 'BrandonPaise', 'reismy17@madeiratravelnews.com', NULL, 'I started writing down one thing at the end of every day — what I actually managed to do. Not a to-do list, not plans. Just one small win. It\'s surprising how quickly it shifts your perspective.', '2026-03-23 13:28:09', '2026-03-23 13:28:09'),
(235, 19, '888starz_yzEt', 'cbfiirssfEt@igurant1.online', 'http://gdtsim.com/%d8%aa%d9%86%d8%b2%d9%8a%d9%84-888starz-%d9%81%d9%8a-%d9%85%d8%b5%d8%b1-%d8%aa%d8%b7%d8%a8%d9%8a%d9%82-android-apk-%d9%88%d8%aa%d8%ab%d8%a8%d9%8a%d8%aa-ios-%d9%85%d8%b9-%d8%af%d9%84%d9%8a/', 'يتضمن الجزء الختامي توجيهات عملية لتعزيز تجربة 888starz apk مع الحفاظ على الأمان. \r\nبرنامج 888starz <a href=http://www.zarratoursby.com/%d8%a7%d8%a8%d8%af%d8%a3-%d8%a7%d9%84%d8%a2%d9%86-%d9%85%d8%b9-888starz-%d8%aa%d8%ad%d9%85%d9%8a%d9%84-%d9%81%d9%8a-%d9%85%d8%b5%d8%b1-%d8%b9%d8%a8%d8%b1-%d8%aa%d8%ab%d8%a8%d9%8a%d8%aa-%d8%b3%d8%b1/>https://zarratoursby.com/%d8%a7%d8%a8%d8%af%d8%a3-%d8%a7%d9%84%d8%a2%d9%86-%d9%85%d8%b9-888starz-%d8%aa%d8%ad%d9%85%d9%8a%d9%84-%d9%81%d9%8a-%d9%85%d8%b5%d8%b1-%d8%b9%d8%a8%d8%b1-%d8%aa%d8%ab%d8%a8%d9%8a%d8%aa-%d8%b3%d8%b1/</a>', '2026-03-24 09:43:50', '2026-03-24 09:43:50'),
(236, 19, 'Visual_Mindgog', 'denis.krasnikovvlb@gmail.com', 'https://baw-rus.ru/', 'Если вы хотите эффективно донести информацию до клиента, а значит, стоит разобраться в том, \r\n \r\nЧто же такое видеопрезентация на самом деле? Это способ за считанные секунды объяснить суть вашего предложения, который позволяет простым языком презентовать продукт. \r\n \r\nЕсли вам нужны примеры и четкое определение: \r\n \r\nПо ссылке- https://baw-rus.ru/ \r\n \r\nЭто база, которую должен знать каждый маркетолог.', '2026-03-24 18:25:38', '2026-03-24 18:25:38'),
(237, 19, '7k_vdSa', 'qcsiitwgnSa@information-xr.online', 'https://7k2078.buzz/', 'Открой для себя азарт и выигрыши вместе с <a href=https://7k2078.buzz/>7к казино официальный сайт зеркало</a>. \r\n Сохранение спокойствия и отказ от попыток отыграться снижают риск быстрых потерь.', '2026-03-26 15:59:21', '2026-03-26 15:59:21'),
(238, 19, 'ipl2026players.com_rz1', 'zxzvly67@aviator-game-best.com', 'https://ipl2026players.com/virat-kohli/', '<a href=https://ipl2026players.com/>ipl live players</a> — been using this for a while, no complaints', '2026-03-28 20:21:29', '2026-03-28 20:21:29'),
(239, 19, 'Dx3e3sJeand', 'dsx43dJeand@gmail.com', NULL, 'https://dark.shopping/products/catalog?supplier_id=3760\r\n \r\nhttps://plati.market/itm/telegram-groups-base-courses-guides-918-active-groups-2026/5701112\r\n \r\nhttps://plati.market/itm/buy-100-000-fresh-android-user-agents-2026-ultimate-mobile-stealth/5674796\r\n \r\nhttps://plati.market/itm/buy-user-agents-1stbrowser-30000-fresh-browser-strings-2026/5691567\r\n \r\nhttps://plati.market/itm/buy-100-000-fresh-baidu-browser-ua-2026-no-bans/5689707\r\n \r\nhttps://plati.market/itm/ready-made-database-of-telegram-channels-photography-photo-6-296-live-links-20/5759211\r\n \r\nhttps://plati.market/itm/buy-30-000-fresh-baidu-browser-ua-2026-no-bans/5689699\r\n \r\nhttps://plati.market/itm/buy-5-000-fresh-windows-user-agents-2026-desktop-mass-stealth/5675098\r\n \r\nhttps://plati.market/itm/buy-5000-fresh-360-browser-user-agents-2026-chinese-traffic-no-detection-no-bans/5689589\r\n \r\nhttps://plati.market/itm/buy-1000-fresh-chrome-user-agents-2026-zero-bans-unlimited-parsing/5674505', '2026-03-31 14:34:03', '2026-03-31 14:34:03'),
(240, 19, 'Terrybom', 'reismz41@kaliningradblog.com', 'https://lowcostpro1.ru/', 'Всем, собрался обсудить про выбор выгодных билетов за рубеж. Я лично езжу регулярно — обычно по Европе и Азии, периодически в Анталию или в мини-отпуск. До этого смотрел на нескольких платформ, но недавно перешёл на <a href=https://lowcostpro1.ru/>дешевые авиабилеты из праги</a> — и оценил что это заметно выгоднее других платформ. \r\nСамое удобное — агрегирует даже мелких перевозчиков, что обычные сервисы почему-то пропускают. Вот, недавно забронировал маршрут Москва-Берлин за очень дешево — был в шоке от цены. Стоит обратить внимание!', '2026-04-03 14:00:56', '2026-04-03 14:00:56');
INSERT INTO `blog_comments` (`id`, `blog_id`, `name`, `email`, `website`, `comment`, `created_at`, `updated_at`) VALUES
(241, 19, 'KevinGlity', 'reismq56@iclub-china.com', 'https://lowcostpro2.ru/', 'Здарова путешественники! Давно покупаю дешевые авиабилеты по Европе. Живу в Минске, в связи с чем проблема выгодных рейсов для меня стоит остро. Протестировал десятки сайтов — от Авиасейлс до региональных платформ. Понравился больше всех зашёл <a href=https://lowcostpro2.ru/>аэропорт в англии</a> — дело в том что он показывает даже мелкие авиалинии, каких на привычных платформах не увидишь. Плюс к этому, классно что можно отсортировать по любому параметру и моментально получать реальные расценки. Всем рекомендую зайти, прежде всего для тех кто ищет из Минска.', '2026-04-03 19:32:36', '2026-04-03 19:32:36'),
(242, 17, 'okehanuhitum', 'uhenene@burgermailcomp.com', 'https://binnwksbgmeif.com', 'https://binnwksbgmeif.com - Oiheco <a href=\"https://binnwksbgmeif.com\">Ezimed</a> dwa.nvrc.smartschoolonline.com.faj.hk https://binnwksbgmeif.com', '2026-04-04 20:41:02', '2026-04-04 20:41:02');

-- --------------------------------------------------------

--
-- Table structure for table `enquiry_form`
--

CREATE TABLE `enquiry_form` (
  `id` bigint(20) UNSIGNED NOT NULL,
  `school_name` varchar(255) NOT NULL,
  `contact_person` varchar(255) NOT NULL,
  `contact_number` varchar(255) NOT NULL,
  `email` varchar(255) NOT NULL,
  `address` varchar(255) NOT NULL,
  `city` varchar(255) NOT NULL,
  `message` varchar(255) NOT NULL,
  `created_at` timestamp NULL DEFAULT NULL,
  `updated_at` timestamp NULL DEFAULT NULL
) ENGINE=InnoDB DEFAULT CHARSET=utf8mb4 COLLATE=utf8mb4_unicode_ci;

--
-- Dumping data for table `enquiry_form`
--

INSERT INTO `enquiry_form` (`id`, `school_name`, `contact_person`, `contact_number`, `email`, `address`, `city`, `message`, `created_at`, `updated_at`) VALUES
(30, 'Saraswati English High school', 'Mosnin', '(+91) 9763375396', 'adusandy912@gmail.com', 'Vadghar pandit patil nagar', 'Bhiwandi', 'Study', '2024-10-24 09:28:46', '2024-10-24 09:28:46'),
(31, 'Saraswati English High school', 'Mosnin', '(+91) 9763375296', 'adusandy912@gmail.com', 'Vadghar pandit patil nagar', 'Bhiwandi', 'For study', '2024-10-24 09:30:27', '2024-10-24 09:30:27'),
(32, 'Saraswati English High school', 'Mosnin', '(+91) 9763375396', 'adusandy912@gmail.com', 'Vadghar pandit patil nagar', 'Bhiwandi', 'For study example', '2024-10-24 09:32:07', '2024-10-24 09:32:07'),
(33, 'Saraswati English High school', 'Mosnin', '(+91) 9763375396', 'adusandy912@gmail.com', 'Vadghar pandit patil nagar', 'Bhiwandi', 'For study example', '2024-10-24 09:33:46', '2024-10-24 09:33:46'),
(34, 'Saraswati English High school', 'Mosnin', '(+91) 9763375396', 'adusandy912@gmail.com', 'Vadghar pandit patil nagar', 'Bhiwandi', 'For study example', '2024-10-24 09:34:41', '2024-10-24 09:34:41'),
(36, 'Giraldo Silva De Souza', 'Bastards Who could not understand what should be fighting but also It engulfed us riding on men run', '+14192973603', 'ezrezzsblluej@dont-reply.me', 'ezrezzsblluej@dont-reply.me', 'ezrezzsblluej@dont-reply.me', 'ezrezzsblluej@dont-reply.me', '2024-11-22 04:05:43', '2024-11-22 04:05:43'),
(37, 'Enriqueta Muoniov Ara', 'Ask wether they Calm down in our Chief of the hotel of thirteen The fate', '+13058346771', 'ezmlealzjbuej@dont-reply.me', 'ezmlealzjbuej@dont-reply.me', 'ezmlealzjbuej@dont-reply.me', 'ezmlealzjbuej@dont-reply.me', '2024-11-23 09:28:47', '2024-11-23 09:28:47'),
(38, 'Dayva Wikar', 'What the dukhi were up There s the stockade our tanks could ve', '+12547777799', 'ereebzarrmuej@dont-reply.me', 'ereebzarrmuej@dont-reply.me', 'ereebzarrmuej@dont-reply.me', 'ereebzarrmuej@dont-reply.me', '2024-11-28 23:52:16', '2024-11-28 23:52:16'),
(39, 'Madelen Delahunt', 'Correct Yes it then Hlopov Roman naturally delirious Spooks are in I would', '+15055786443', 'erslraiziruej@dont-reply.me', 'erslraiziruej@dont-reply.me', 'erslraiziruej@dont-reply.me', 'erslraiziruej@dont-reply.me', '2024-11-30 07:43:29', '2024-11-30 07:43:29'),
(40, 'Zaire Vascones', 'They met every inspection and just drop all the HQ of the rest up Ivan', '+17302048425', 'eaialeaarsuej@do-not-respond.me', 'eaialeaarsuej@do-not-respond.me', 'eaialeaarsuej@do-not-respond.me', 'eaialeaarsuej@do-not-respond.me', '2024-12-02 11:56:28', '2024-12-02 11:56:28'),
(41, 'Charlisse Lasker', 'Cooked the North they booby trapped with their', '+13053009883', 'esmrbbezzsuej@do-not-respond.me', 'esmrbbezzsuej@do-not-respond.me', 'esmrbbezzsuej@do-not-respond.me', 'esmrbbezzsuej@do-not-respond.me', '2024-12-07 16:29:59', '2024-12-07 16:29:59'),
(42, 'Lennett Scarselli', 'Will look around here San Sanych had reached my sleep', '+17606877354', 'bjeelblilsuej@dont-reply.me', 'bjeelblilsuej@dont-reply.me', 'bjeelblilsuej@dont-reply.me', 'bjeelblilsuej@dont-reply.me', '2024-12-13 02:14:05', '2024-12-13 02:14:05'),
(43, 'Hines Mische', 'At the same be here They don t have already', '+16786664426', 'beazbraeasuej@do-not-respond.me', 'beazbraeasuej@do-not-respond.me', 'beazbraeasuej@do-not-respond.me', 'beazbraeasuej@do-not-respond.me', '2024-12-18 03:05:19', '2024-12-18 03:05:19'),
(44, 'Breannon Magsig', 'I inquired taking off his look closer we kept count me', '+13052123322', 'bsjlbalbmsuej@dont-reply.me', 'bsjlbalbmsuej@dont-reply.me', 'bsjlbalbmsuej@dont-reply.me', 'bsjlbalbmsuej@dont-reply.me', '2024-12-28 05:05:50', '2024-12-28 05:05:50'),
(45, 'Lewellyn Rupright', 'Eardrums would want us dogs for those units when we turned against us', '+13055915738', 'bmbilirmisuej@do-not-respond.me', 'bmbilirmisuej@do-not-respond.me', 'bmbilirmisuej@do-not-respond.me', 'bmbilirmisuej@do-not-respond.me', '2025-01-02 12:29:21', '2025-01-02 12:29:21'),
(46, 'Aasiya Corbos', 'When back at the handle their houses but', '+17302414858', 'rziabszabsuej@dont-reply.me', 'rziabszabsuej@dont-reply.me', 'rziabszabsuej@dont-reply.me', 'rziabszabsuej@dont-reply.me', '2025-01-08 13:23:20', '2025-01-08 13:23:20'),
(47, 'Samarria Jahangir', 'Some fuss rose up examining myself had stopped us in', '+13052066925', 'rlajlmzersuej@dont-reply.me', 'rlajlmzersuej@dont-reply.me', 'rlajlmzersuej@dont-reply.me', 'rlajlmzersuej@dont-reply.me', '2025-01-20 05:17:45', '2025-01-20 05:17:45'),
(48, 'Government Bhartiya inter College Ading (Mathura)', 'Class X', '(+91) 08755368121', 'preladsingh910@gmail.com', 'Madhuri kund Govardhan Mathura (uttar pradesh)', 'मथुरा', 'Hii', '2025-01-28 04:04:03', '2025-01-28 04:04:03'),
(49, 'Akash model sr sec school', '8368422082', '(+91) 8368422082', 'pinkypinky2717826@gmail.com', 'Not only the', 'Delhi', 'Ucicchc', '2025-01-28 08:18:28', '2025-01-28 08:18:28'),
(50, 'Tiela Criquet', 'I ve tested it with the wounded shoulder was struggling under the occasion to them', '+13052913964', 'asirmzsaesuej@dont-reply.me', 'asirmzsaesuej@dont-reply.me', 'asirmzsaesuej@dont-reply.me', 'asirmzsaesuej@dont-reply.me', '2025-01-29 17:43:56', '2025-01-29 17:43:56'),
(51, 'Redia Malai', 'We walked away from gunpowder from the one who lives', '+15863854868', 'ieezmbjiisuej@dont-reply.me', 'ieezmbjiisuej@dont-reply.me', 'ieezmbjiisuej@dont-reply.me', 'ieezmbjiisuej@dont-reply.me', '2025-02-02 20:13:57', '2025-02-02 20:13:57'),
(52, 'Super Education School', 'Sultan', '(+92) 3061486787', 'supereducationschool@gmail.com', 'Rahim Abad', 'Gojra', 'I need school management system. So please firstly i want to see the demo of your product', '2025-02-09 08:26:44', '2025-02-09 08:26:44'),
(53, 'Tamaica Cinotti', 'Correct Must again into the fishes by a crunch on asphalt the united collective ability', '+17302318840', 'ajmilssjmuej@dont-reply.me', 'ajmilssjmuej@dont-reply.me', 'ajmilssjmuej@dont-reply.me', 'ajmilssjmuej@dont-reply.me', '2025-02-15 09:21:16', '2025-02-15 09:21:16'),
(54, 'Jamarre Gutsalo\\Nnhutsalo', 'General signed off the Square structure I unbuttoned', '+13059041194', 'zzmaejsrzmuej@dont-reply.me', 'zzmaejsrzmuej@dont-reply.me', 'zzmaejsrzmuej@dont-reply.me', 'zzmaejsrzmuej@dont-reply.me', '2025-02-26 15:11:47', '2025-02-26 15:11:47'),
(55, 'Nyati Samata International School', 'Mukesh Nyati', '(+91) 7588011111', 'mukesh.nyati@shriramdeo.in', 'Kolhar Road, Belapur, Belapur Bk., Maharashtra 413715', 'Shrirampur', 'We run a school mess serving around 300 students with a fixed daily meal plan and a rotating menu. We are looking for a software solution to streamline inventory tracking, meal attendance, menu management, and cost Control.', '2025-03-31 04:05:43', '2025-03-31 04:05:43'),
(56, 'MVN Aravalli Hills faridabad', 'Harsh Vardhan chugh', '(+91) 9811808645', 'harshvardhan13@gmail.com', '121001', 'Faridabad', 'Hi', '2025-04-03 08:34:34', '2025-04-03 08:34:34'),
(57, 'MVN Aravalli Hills faridabad', 'Harsh Vardhan chugh', '(+91) 9811808645', 'harshvardhan13@gmail.com', '121001', 'Faridabad', 'Hi', '2025-04-03 08:38:11', '2025-04-03 08:38:11'),
(58, 'MVN Aravalli Hills faridabad', 'Harsh Vardhan chugh', '(+91) 9811808645', 'harshvardhan13@gmail.com', '121001', 'Faridabad', 'Hi', '2025-04-03 08:39:06', '2025-04-03 08:39:06'),
(59, 'JTM School', 'joe', '(+91) 89765436478', 'jtm@testing.com', 'Testing 123', 'Chennai', 'hi', '2025-05-26 23:28:21', '2025-05-26 23:28:21'),
(60, 'oywfjwmnem', 'qnmjtxfzqg', 'dozryrmx', 'sdhpjnnz@testform.xyz', 'dtvxrtxxvjnprkvdfkejyzgxsyznrt', 'uyuydvddun', 'xyvsyzoyfdqizzodwkmruwxluqunov', '2025-06-03 05:15:12', '2025-06-03 05:15:12'),
(61, 'hnxrrxigxp', 'xfjgvjpesd', 'hjvqtwyz', 'doeotngi@testform.xyz', 'qfwxrguzznorxegwshwntpknwyzkxp', 'hxrypvztdh', 'geqeeirkdifpdhwfyfvdhhyvtwqndw', '2025-06-20 03:01:32', '2025-06-20 03:01:32'),
(62, 'ipolhrsfhg', 'zmlpxyopes', 'livdmxuf', 'dkwpijld@testform.xyz', 'uquqwgsrudpwitwwsqonnuoslgqqid', 'xgipwnzjzm', 'lrvlsfumnpupwtdfyzwwdskqludzpp', '2025-07-04 10:16:22', '2025-07-04 10:16:22'),
(63, 'Robert Solis', '515-699-6348', '(+91) 515-699-6348', 'rsolis621@aol.com', 'Hi,\r\n\r\n\"Biometric\" stood out as possibly misspelled. I\'ve found spellscan.com useful for quick verifications.\r\n\r\nRegards,\r\nRobert', 'Laurenside', 'Hi,\r\n\r\n\"Biometric\" stood out as possibly misspelled. I\'ve found spellscan.com useful for quick verifications.\r\n\r\nRegards,\r\nRobert', '2025-07-09 21:13:52', '2025-07-09 21:13:52'),
(64, 'Pacific Link College', 'Ms.Kirthi', '(+971) 547323651', 'ict_faculty2@plc.ac.ae', 'Ras al Khaimah', 'Ras-al-Khaimah', 'Need CRM for our campus.', '2025-08-30 00:21:17', '2025-08-30 00:21:17'),
(65, 'pgzhxydwsq', 'eixvkfdstx', 'jvvfukhf', 'wolohipw@testform.xyz', 'dzfvphslujlypzrlfgvwtxndwgdexr', 'wooznxrwso', 'fjhithkhsdxspspyvmkoktvjkdppry', '2025-09-01 17:23:50', '2025-09-01 17:23:50'),
(66, 'ltgxveowux', 'wuigmjoper', 'zxszxsls', 'lhsghnip@testform.xyz', 'tmzxmpddhokmpplzpidvkosdwvlvqn', 'xxhjdpvlhy', 'nnneijpodlequrnmrhzxhriphjmdsx', '2025-09-07 11:51:12', '2025-09-07 11:51:12'),
(67, 'בית ספר  חס', 'אמי איסו', '(+972) 0503027196', 'isabel201057@live.com', 'בינגט 5', 'פתח תחוו', 'שלון', '2025-09-14 10:30:23', '2025-09-14 10:30:23'),
(68, 'punitha', 'test', '(+91) 98749878943', 'punitha435@gmail.com', 'sample address', 'test city', 'sampel mess', '2025-10-15 05:23:34', '2025-10-15 05:23:34'),
(69, 'school', 'test', '(+91) 098080808098', 'test56@gmail.com', 'sample address', 'sample city', 'sample message', '2025-10-15 05:41:07', '2025-10-15 05:41:07'),
(70, 'Dana Solis', '595-936-7064', '(+91) 595-936-7064', 'dsolis694@yahoo.com', 'Hey,\r\n\r\nSpotted \"Biometric\", possibly a typo. You might like to quickly verify with spellalerts.com or someting like it.\r\n\r\nRegards,\r\nDana', 'Walkerborough', 'Hey,\r\n\r\nSpotted \"Biometric\", possibly a typo. You might like to quickly verify with spellalerts.com or someting like it.\r\n\r\nRegards,\r\nDana', '2025-10-23 18:41:17', '2025-10-23 18:41:17'),
(71, 'P M.SHRI G.I.C', 'Reshu Rawat', '(+91) 8090846186', 'reshurawat574762@gmail.com', 'Dostinagar', 'Unnao', 'How we connect smart school', '2025-10-26 05:56:44', '2025-10-26 05:56:44'),
(72, 'TEST', 'Noel', '(+91) 9789446844', 'noel@boscosofttech.com', 'Yellagiri', 'test city', 'test Message', '2025-11-05 03:36:13', '2025-11-05 03:36:13'),
(73, 'test', '8760870314', '(+91) 08760870314', 'irudayan111@gmail.com', '162A\r\nVisuvasampatti (vill)', 'Uthangarai', 'test', '2025-11-10 11:39:19', '2025-11-10 11:39:19'),
(74, 'Sacred Heart College', 'Savari Irudaya Raj X', '(+91) 08760870314', 'irudayan111@gmail.com', '162A\r\nVisuvasampatti (vill)', 'Uthangarai', 'test', '2025-11-10 11:44:22', '2025-11-10 11:44:22'),
(75, 'test school', 'test person', '(+91) 8764387643', 'punitest34@gmail.com', 'sample address', 'test city', 'sample message', '2025-11-13 23:26:20', '2025-11-13 23:26:20'),
(76, 'sample test smartschool', 'test', '(+91) 345435535435', 'test45@gmail.com', 'sample address', 'test', 'test message', '2025-11-13 23:30:23', '2025-11-13 23:30:23'),
(77, 'Test', 'Thillai', '(+91) 9361355781', 'thillaiarasu@boscosofttech.com', 'Test', 'Test', 'Test', '2025-11-14 00:55:02', '2025-11-14 00:55:02'),
(78, 'fsooqxflil', 'pditidtryj', 'jjuznxek', 'frkluhuf@testform.xyz', 'rgdvlplhpnxwpeniuljzvsdijsfvks', 'jgqfproxfe', 'ffgvyknjupidvpuwusxgzvqnyijvrz', '2025-11-15 18:50:09', '2025-11-15 18:50:09'),
(79, 'nlnmlgsrly', 'tqnwwgfgwe', 'ftnwywux', 'vkjjxilj@testform.xyz', 'xixnixfwioodhelyttzkdjkrkferly', 'pgioqhlfih', 'hhunqeooxqzoesupuupklpqgtmgzuw', '2025-11-26 12:50:42', '2025-11-26 12:50:42'),
(80, 'lvqsjokjyj', 'izxpgovsqk', 'fedrtkhz', 'huuueuhv@testform.xyz', 'evfmojpquuonoqpoyonrzrfiwnnupr', 'kftsoowngx', 'mregmlzmrdqpxxkrygoumfrfvmnjvk', '2025-12-07 02:45:19', '2025-12-07 02:45:19'),
(81, 'ivlzxeurjn', 'vfgygfeurd', 'ylqgprxz', 'nlthfgnn@testform.xyz', 'tryopyxyepqvpkdsrfyhsdqefmgmpr', 'wgqfzdkixr', 'fmpgwtsxqisjtwujhygtkmeummuvvr', '2025-12-09 12:21:51', '2025-12-09 12:21:51'),
(82, 'opmypxewvq', 'woshoojgml', 'otslquim', 'zftqewlx@testform.xyz', 'pipirusepuilqtqqliuvlpygwwtplm', 'npoqfsypws', 'yuifsupywqovjlipewuextfnypsiis', '2025-12-18 09:33:32', '2025-12-18 09:33:32'),
(83, 'eokvyogeoi', 'mytxmgkhek', 'fuzhohdf', 'tdlsmdrv@testform.xyz', 'rvqekdooquxttruqohqpsenwrosmrm', 'desthddqhw', 'shixjrvlrqrfkhdeljspjldwiolrgs', '2025-12-19 19:18:03', '2025-12-19 19:18:03'),
(84, 'test', 'test', '(+91) 4354335454353', 'thiruyh@gmail.com', 'test address', 'test', 'test message', '2025-12-21 23:48:08', '2025-12-21 23:48:08'),
(85, 'test', 'test', '(+91) 45534345434', 'test54@gmail.com', 'tetest', 'test', 'test', '2025-12-21 23:49:16', '2025-12-21 23:49:16'),
(86, 'test', 'tes', '(+91) 4354345344453', 'johndo546e@helpdesk.com', 'test address', 'test city', 'test messte', '2025-12-21 23:51:45', '2025-12-21 23:51:45'),
(87, 'test', 'test persion', '(+91) 34534545554', 'test54@gmail.com', 'test address', 'tedsas', 'test test', '2025-12-23 05:02:42', '2025-12-23 05:02:42'),
(88, 'ST CHARLES BORROMEO CONVENT SCHOOL,INCHAVILA', 'SR BINCY MATHEW', '(+91) 07559086576', 'perumoncharlesschool@gmail.com', 'Chittayam\r\nInchavila P.o.', 'Kollam', 'Please activate website', '2025-12-30 23:36:17', '2025-12-30 23:36:17'),
(89, 'Joseph Matthews', 'traffic', '(+91) 8054002077', 'joseph.matthews@jmailservice.com', 'We specialize in putting businesses like yours right at the top of search results. Setup is fast and effortless.\r\nIs this something you\'d like to explore?', 'Thousand Oaks', 'Imagine your brand appearing first when customers search online. That\'s exactly what we do - and we can launch it within a day.\r\nCan I show you how it looks?', '2026-01-10 08:13:18', '2026-01-10 08:13:18'),
(90, 'sample school', 'sample person', '(+91) 8678687686', 'tst98743@gmail.com', 'sample address', 'test city', 'sample message', '2026-01-19 23:44:32', '2026-01-19 23:44:32'),
(91, 'sample school', 'test person', '(+91) 6868778660', 'test9843@gmail.com', 'sample address', 'city test', 'test message', '2026-01-19 23:46:11', '2026-01-19 23:46:11'),
(92, 'zoivumtflp', 'gldyledger', 'knyxpxrx', 'vpmlomkh@forms-checker.online', 'vxdsdllwoumvjijodiquhnloysnqpj', 'exsrgxfxhy', 'pljlyslufjpqdyktmhqozohlfmxjfr', '2026-02-11 10:23:40', '2026-02-11 10:23:40'),
(93, 'wiqydmqyoo', 'jxplyspjhi', 'dknufdoe', 'ymrwgopf@checkyourform.xyz', 'qhpqyikqodrrvethkrqjwtruxueknz', 'ojowpsivuo', 'ddzviipvvjhjqdptixtuqsxftmoill', '2026-02-15 16:22:21', '2026-02-15 16:22:21'),
(94, 'test', 'test', '(+91) 5464566446545', 'test56@gmail.com', 'sample mail', 'test', 'sample test', '2026-02-17 23:33:33', '2026-02-17 23:33:33'),
(95, 'test', 'test', '(+91) 435434545345', 'test546@gmail.com', 'test daddrest', 'test', 'test message', '2026-02-26 22:48:21', '2026-02-26 22:48:21'),
(96, 'Test', 'Thillaiarasu', '(+91) 9361355781', 'thillaiarasu@boscosofttech.com', 'Test', 'Test', 'Test', '2026-03-11 23:53:16', '2026-03-11 23:53:16'),
(97, 'jwlxjtltwr', 'wdosvejfvg', 'nrjjquzx', 'utngzyup@checkyourform.xyz', 'ozhkyxuepymepdugvwvvodkjwdzikf', 'vtuoxnqufx', 'ddjggsxqvungzqfzvtgdxhivplejru', '2026-03-14 21:52:04', '2026-03-14 21:52:04'),
(98, 'ygixyufltt', 'fztwlleldq', 'fmznndlh', 'dvfgztgw@checkyourform.xyz', 'jnzqluxeyjqezjzevxyudvdiqurmjd', 'snwuvzophr', 'qmzghlxmysvsxqiltywgkmfeloqyjn', '2026-03-14 21:52:06', '2026-03-14 21:52:06'),
(99, 'qnmuxmeylr', 'ojlsxznjri', 'wwdvmsxm', 'fhvuszju@checkyourform.xyz', 'ztppoddnshiyqkwpptgwdhtwjlqfir', 'txvdeqfvoy', 'ufdvmudmqvqoulznrqvimevrpkyeeu', '2026-03-14 21:52:25', '2026-03-14 21:52:25'),
(100, 'vuvldiykzt', 'lgyfwqlytv', 'lddvylvd', 'ivdrlzhf@checkyourform.xyz', 'zrzyqlndyslwwmpdrnhdvtfsujgitp', 'ouslruwwxl', 'vvpgvhmzziymlrmzjtksleewnzohjr', '2026-03-14 21:52:39', '2026-03-14 21:52:39'),
(101, 'Edify', 'Nadiya S', '(+91) 08790388720', 'reachnadiya.s@gmail.com', '42\r\nb street benson town', 'bangalore', 'Want a demo of the features.', '2026-03-28 06:14:27', '2026-03-28 06:14:27'),
(102, 'ufszqoxufq', 'giqdpqorjr', 'oksesidx', 'ypsqwkph@immenseignite.info', 'dlrrfnnlstwqmfrnefwplilgfqfejj', 'dgrxttzyqz', 'yqjzrotonlyjiidniynngtmxufnlev', '2026-04-03 15:40:29', '2026-04-03 15:40:29'),
(103, 'enghkhwltl', 'eljdllqqld', 'vpfqlqsz', 'vkxqexym@immenseignite.info', 'sxxsmmfusknesqgrediznkvpfemfvl', 'xdlfwuxxjo', 'dhzenjroznolfhhfqhqfqfkxiwsuyg', '2026-04-03 15:40:36', '2026-04-03 15:40:36');

-- --------------------------------------------------------

--
-- Table structure for table `failed_jobs`
--

CREATE TABLE `failed_jobs` (
  `id` bigint(20) UNSIGNED NOT NULL,
  `uuid` varchar(255) NOT NULL,
  `connection` text NOT NULL,
  `queue` text NOT NULL,
  `payload` longtext NOT NULL,
  `exception` longtext NOT NULL,
  `failed_at` timestamp NOT NULL DEFAULT current_timestamp()
) ENGINE=InnoDB DEFAULT CHARSET=utf8mb4 COLLATE=utf8mb4_unicode_ci;

-- --------------------------------------------------------

--
-- Table structure for table `migrations`
--

CREATE TABLE `migrations` (
  `id` int(10) UNSIGNED NOT NULL,
  `migration` varchar(255) NOT NULL,
  `batch` int(11) NOT NULL
) ENGINE=InnoDB DEFAULT CHARSET=utf8mb4 COLLATE=utf8mb4_unicode_ci;

--
-- Dumping data for table `migrations`
--

INSERT INTO `migrations` (`id`, `migration`, `batch`) VALUES
(1, '2014_10_12_000000_create_users_table', 1),
(2, '2014_10_12_100000_create_password_reset_tokens_table', 1),
(3, '2019_08_19_000000_create_failed_jobs_table', 1),
(4, '2019_12_14_000001_create_personal_access_tokens_table', 1),
(5, '2024_09_18_133142_create_enquiry_form_table', 2);

-- --------------------------------------------------------

--
-- Table structure for table `password_reset_tokens`
--

CREATE TABLE `password_reset_tokens` (
  `email` varchar(255) NOT NULL,
  `token` varchar(255) NOT NULL,
  `created_at` timestamp NULL DEFAULT NULL
) ENGINE=InnoDB DEFAULT CHARSET=utf8mb4 COLLATE=utf8mb4_unicode_ci;

-- --------------------------------------------------------

--
-- Table structure for table `personal_access_tokens`
--

CREATE TABLE `personal_access_tokens` (
  `id` bigint(20) UNSIGNED NOT NULL,
  `tokenable_type` varchar(255) NOT NULL,
  `tokenable_id` bigint(20) UNSIGNED NOT NULL,
  `name` varchar(255) NOT NULL,
  `token` varchar(64) NOT NULL,
  `abilities` text DEFAULT NULL,
  `last_used_at` timestamp NULL DEFAULT NULL,
  `expires_at` timestamp NULL DEFAULT NULL,
  `created_at` timestamp NULL DEFAULT NULL,
  `updated_at` timestamp NULL DEFAULT NULL
) ENGINE=InnoDB DEFAULT CHARSET=utf8mb4 COLLATE=utf8mb4_unicode_ci;

-- --------------------------------------------------------

--
-- Table structure for table `users`
--

CREATE TABLE `users` (
  `id` bigint(20) UNSIGNED NOT NULL,
  `name` varchar(255) NOT NULL,
  `email` varchar(255) NOT NULL,
  `email_verified_at` timestamp NULL DEFAULT NULL,
  `password` varchar(255) NOT NULL,
  `remember_token` varchar(100) DEFAULT NULL,
  `created_at` timestamp NULL DEFAULT NULL,
  `updated_at` timestamp NULL DEFAULT NULL
) ENGINE=InnoDB DEFAULT CHARSET=utf8mb4 COLLATE=utf8mb4_unicode_ci;

--
-- Dumping data for table `users`
--

INSERT INTO `users` (`id`, `name`, `email`, `email_verified_at`, `password`, `remember_token`, `created_at`, `updated_at`) VALUES
(1, 'admin', 'admin@admin.com', NULL, '$2y$12$IyivCXJl7vrhwLPjg0vPRuWQIw1GESAVyxbfxilWugiu4a75NKCRC', 'TYn975dYi6MeZf6FjmG3h10zlxAHAAfs5pVoqpCnWJ5zy87dAFHTzpVutZiT', '2024-09-18 06:44:37', '2024-09-18 06:44:37');

--
-- Indexes for dumped tables
--

--
-- Indexes for table `blogs`
--
ALTER TABLE `blogs`
  ADD PRIMARY KEY (`id`);

--
-- Indexes for table `blog_comments`
--
ALTER TABLE `blog_comments`
  ADD PRIMARY KEY (`id`),
  ADD KEY `blog_comments_blog_id_foreign` (`blog_id`);

--
-- Indexes for table `enquiry_form`
--
ALTER TABLE `enquiry_form`
  ADD PRIMARY KEY (`id`);

--
-- Indexes for table `failed_jobs`
--
ALTER TABLE `failed_jobs`
  ADD PRIMARY KEY (`id`),
  ADD UNIQUE KEY `failed_jobs_uuid_unique` (`uuid`);

--
-- Indexes for table `migrations`
--
ALTER TABLE `migrations`
  ADD PRIMARY KEY (`id`);

--
-- Indexes for table `password_reset_tokens`
--
ALTER TABLE `password_reset_tokens`
  ADD PRIMARY KEY (`email`);

--
-- Indexes for table `personal_access_tokens`
--
ALTER TABLE `personal_access_tokens`
  ADD PRIMARY KEY (`id`),
  ADD UNIQUE KEY `personal_access_tokens_token_unique` (`token`),
  ADD KEY `personal_access_tokens_tokenable_type_tokenable_id_index` (`tokenable_type`,`tokenable_id`);

--
-- Indexes for table `users`
--
ALTER TABLE `users`
  ADD PRIMARY KEY (`id`),
  ADD UNIQUE KEY `users_email_unique` (`email`);

--
-- AUTO_INCREMENT for dumped tables
--

--
-- AUTO_INCREMENT for table `blogs`
--
ALTER TABLE `blogs`
  MODIFY `id` bigint(20) UNSIGNED NOT NULL AUTO_INCREMENT, AUTO_INCREMENT=20;

--
-- AUTO_INCREMENT for table `blog_comments`
--
ALTER TABLE `blog_comments`
  MODIFY `id` bigint(20) UNSIGNED NOT NULL AUTO_INCREMENT, AUTO_INCREMENT=243;

--
-- AUTO_INCREMENT for table `enquiry_form`
--
ALTER TABLE `enquiry_form`
  MODIFY `id` bigint(20) UNSIGNED NOT NULL AUTO_INCREMENT, AUTO_INCREMENT=104;

--
-- AUTO_INCREMENT for table `failed_jobs`
--
ALTER TABLE `failed_jobs`
  MODIFY `id` bigint(20) UNSIGNED NOT NULL AUTO_INCREMENT;

--
-- AUTO_INCREMENT for table `migrations`
--
ALTER TABLE `migrations`
  MODIFY `id` int(10) UNSIGNED NOT NULL AUTO_INCREMENT, AUTO_INCREMENT=6;

--
-- AUTO_INCREMENT for table `personal_access_tokens`
--
ALTER TABLE `personal_access_tokens`
  MODIFY `id` bigint(20) UNSIGNED NOT NULL AUTO_INCREMENT;

--
-- AUTO_INCREMENT for table `users`
--
ALTER TABLE `users`
  MODIFY `id` bigint(20) UNSIGNED NOT NULL AUTO_INCREMENT, AUTO_INCREMENT=2;

--
-- Constraints for dumped tables
--

--
-- Constraints for table `blog_comments`
--
ALTER TABLE `blog_comments`
  ADD CONSTRAINT `blog_comments_blog_id_foreign` FOREIGN KEY (`blog_id`) REFERENCES `blogs` (`id`) ON DELETE CASCADE;
COMMIT;

/*!40101 SET CHARACTER_SET_CLIENT=@OLD_CHARACTER_SET_CLIENT */;
/*!40101 SET CHARACTER_SET_RESULTS=@OLD_CHARACTER_SET_RESULTS */;
/*!40101 SET COLLATION_CONNECTION=@OLD_COLLATION_CONNECTION */;
